Libraries,Statistics,Basic maths,supervised algorithms,unsupervised algorithms,semi-supervised algorithms,reinforced algorithm,ML score
0,1,1,0,1,0,0,75.72
0,0,1,1,1,1,1,77.75
1,1,1,0,1,0,0,78.55
1,1,0,1,0,1,1,72.69
1,0,0,1,1,1,1,81.31
1,1,0,0,0,0,1,77.87
1,1,1,0,0,0,1,79.71
0,0,0,1,1,0,1,77.05
0,1,0,0,0,0,1,80.53
1,0,1,0,0,1,0,75.05
0,1,0,1,0,0,0,79.37
1,0,1,0,1,0,0,81.51
0,1,1,0,0,0,1,80.09
1,0,1,0,0,1,0,71.76
0,0,0,0,0,1,0,66.82
0,1,0,1,0,0,0,79.75
0,0,1,1,1,0,0,66.88
0,1,1,1,1,0,1,74.07
1,0,1,0,0,0,0,79.48
1,1,1,1,1,0,0,82.56
0,1,0,1,0,1,0,72.87
0,0,1,0,1,1,0,80.44
0,0,1,1,1,1,0,71.33
1,0,1,0,1,0,1,77.49
1,0,0,1,0,0,1,79.75
0,1,0,1,0,0,1,82.06
1,0,1,1,1,1,1,83.41
0,0,1,0,0,1,0,77.16
1,1,0,1,0,1,1,86.36
0,0,1,0,0,1,1,71.9
1,0,0,1,0,1,1,73.25
0,0,1,1,1,1,1,80.64
0,0,1,0,0,1,1,73.17
1,1,1,0,1,1,1,67.89
1,1,0,1,0,0,1,85.17
0,0,0,0,0,0,0,78.9
1,1,0,0,0,0,1,82.45
0,1,0,0,0,0,1,77.74
1,0,0,0,0,1,0,79.16
1,0,1,0,1,1,1,75.47
0,1,0,1,1,0,0,79.3
1,0,1,0,0,0,1,76.07
1,1,1,1,1,1,1,82.66
0,1,1,1,1,0,0,74.23
1,1,0,1,0,1,0,75.09
0,0,0,1,1,0,0,78.83
0,1,1,1,0,1,1,79.55
0,1,1,1,0,0,0,84.47
0,1,0,1,0,0,0,70.35
0,0,1,1,1,0,0,76.49
0,1,1,0,0,0,1,78.33
1,0,1,1,1,0,0,72.59
0,1,1,0,0,0,1,74.09
1,1,0,1,0,0,0,67.29
0,0,0,0,1,1,0,79.82
1,1,1,1,0,1,0,79.1
0,0,1,1,1,1,1,82.58
0,0,1,0,1,1,0,77.29
0,0,0,1,0,0,0,77.36
0,0,0,0,1,0,1,79.88
1,1,0,0,1,1,1,74.55
0,0,1,0,1,0,0,81.78
1,1,1,0,0,1,0,79.74
0,0,1,1,1,1,1,77.64
1,0,0,1,0,1,0,77.81
0,1,1,0,0,1,0,80.74
0,0,1,0,0,1,0,74.86
1,1,0,0,0,0,0,75.95
0,1,0,0,0,1,0,86.06
0,0,1,0,0,1,0,76.47
0,1,1,1,0,1,0,72.02
0,0,1,1,1,0,0,70.19
0,1,0,1,1,1,1,74.75
1,1,0,0,0,0,0,73.16
1,0,0,1,0,0,0,75.18
0,0,1,1,1,1,1,80.55
1,1,0,0,1,0,1,84.11
1,0,0,1,0,1,1,75.67
0,1,0,0,1,0,0,81.27
1,0,0,0,1,0,0,72.15
0,0,1,1,0,0,0,78.13
1,0,1,1,1,1,0,83.02
1,1,0,0,1,1,1,73.62
1,0,1,1,0,1,1,80.2
1,1,1,1,1,0,1,79.05
1,1,0,1,1,0,1,79.84
0,1,1,0,1,1,0,75.64
1,0,0,1,1,0,0,75.91
1,0,0,0,1,1,0,79.03
0,1,1,1,1,1,1,87.56
1,0,1,0,0,1,1,83.38
0,1,0,0,1,0,0,74.89
0,1,1,1,0,0,0,75.03
0,0,0,1,0,1,1,78.37
1,0,0,1,1,0,1,83.02
1,0,1,0,0,1,1,75.44
0,0,0,0,0,0,1,70.34
0,0,1,0,1,1,0,80.88
0,1,0,0,0,1,0,71.18
0,1,1,1,0,0,1,79.2
1,1,1,0,1,1,1,80.89
0,0,1,1,1,0,1,81.37
0,0,1,0,1,0,1,76.9
1,0,1,0,0,1,1,79.85
1,0,0,1,0,0,0,69.68
0,1,1,1,1,0,0,75.95
1,1,0,0,1,0,0,73.77
0,0,1,1,0,1,1,72.79
1,0,0,1,1,0,1,78.81
1,1,1,1,0,1,1,89.54
0,0,0,1,1,0,0,79.48
0,1,1,0,1,0,0,84.25
1,1,1,1,1,1,0,74.49
1,1,0,0,1,0,1,80.41
1,1,0,1,0,1,1,79.72
0,1,1,0,0,0,1,72.38
1,0,1,0,0,1,0,83.35
0,0,1,0,1,0,1,81.68
0,0,1,0,1,0,0,64.88
1,1,1,1,1,1,1,70.28
1,0,0,0,1,1,1,71.7
0,0,1,1,0,0,1,80.28
0,0,0,1,0,1,0,83.68
1,1,1,0,1,1,0,74.1
1,1,0,1,1,1,1,80.41
1,1,1,1,1,0,1,82.86
0,1,0,1,0,1,1,71.73
0,1,1,1,0,1,1,81.98
1,0,1,0,0,1,0,80.74
0,1,0,1,0,1,1,77.92
1,0,1,0,1,0,0,78.73
0,0,0,1,0,0,0,79.44
1,0,0,0,1,0,0,83.88
0,1,1,0,0,1,1,74.99
1,0,1,1,1,1,0,77.0
0,1,1,0,0,0,0,77.25
1,0,1,0,1,1,1,72.01
0,0,0,0,1,0,0,72.93
1,0,1,1,1,0,1,83.63
0,1,1,0,0,1,0,78.61
0,0,1,1,1,1,0,80.15
1,1,0,0,1,0,0,73.08
0,1,1,1,0,1,1,78.15
0,0,1,0,0,0,1,84.33
1,0,1,1,1,0,1,71.95
1,1,0,1,1,0,0,74.34
1,0,0,1,0,0,1,78.39
1,0,0,0,0,1,1,83.66
1,0,1,1,0,1,1,74.15
0,1,1,0,0,0,1,85.27
0,0,0,1,1,1,1,87.52
0,0,1,0,1,1,1,76.9
1,1,0,0,0,1,0,71.33
0,0,1,0,1,1,0,76.36
1,0,0,1,0,1,1,76.99
0,0,1,1,0,0,1,76.2
0,1,0,0,0,0,0,81.1
0,0,0,1,1,0,1,75.74
0,1,0,0,1,1,0,78.8
0,0,1,0,1,0,1,75.76
0,1,1,1,0,0,0,78.22
0,1,1,1,1,1,1,79.76
0,1,1,0,0,0,1,80.32
1,1,0,0,0,1,0,78.54
1,0,0,1,1,1,1,77.86
0,0,1,0,0,1,0,77.66
1,0,1,0,1,0,1,76.48
1,1,0,1,0,1,1,80.36
0,0,1,1,1,0,1,84.07
1,1,1,0,0,0,1,71.32
1,0,1,1,1,0,1,87.32
1,0,0,0,0,0,1,75.74
1,0,0,1,1,1,1,84.0
0,0,0,1,0,1,1,81.09
0,0,0,0,1,0,1,73.38
0,0,1,0,1,1,1,77.43
0,1,1,0,1,1,1,85.53
1,1,0,1,0,0,0,87.59
1,1,0,1,1,0,1,74.7
0,0,1,1,1,0,1,79.99
1,1,0,0,1,0,1,76.88
1,0,0,1,0,1,0,76.88
0,1,1,1,0,0,1,84.83
0,0,1,1,0,0,1,86.58
0,1,1,0,0,0,0,74.81
1,1,0,1,0,1,1,77.27
0,0,0,0,1,1,0,83.27
0,0,1,0,1,0,0,79.94
1,1,0,1,1,0,0,86.48
0,1,1,0,0,0,1,76.07
1,0,1,1,0,1,1,80.24
0,0,0,1,0,0,0,81.05
1,1,1,1,1,0,1,74.52
0,0,1,1,0,0,0,71.48
0,0,1,0,0,1,1,80.35
0,0,1,0,0,1,0,74.07
0,0,1,1,0,0,1,77.83
0,1,1,1,1,0,0,77.29
1,0,0,0,1,0,0,75.53
0,0,1,0,1,0,0,86.7
0,1,1,0,1,0,1,69.36
0,0,0,1,0,0,0,79.24
0,1,0,0,0,1,1,79.19
1,0,1,1,0,1,1,72.85
0,1,1,1,0,1,0,84.47
0,0,0,0,1,0,0,81.79
0,0,0,0,0,1,1,81.74
0,1,0,0,1,1,1,79.71
1,0,1,0,0,0,0,88.84
1,1,1,0,1,0,0,77.35
1,1,1,1,1,0,0,74.14
1,0,0,1,0,0,1,82.25
0,0,0,1,1,0,0,68.76
0,1,0,0,0,0,0,76.32
1,0,1,1,0,1,1,71.1
1,0,1,0,1,1,0,80.24
0,1,1,1,1,0,0,75.23
0,0,1,0,0,0,1,80.16
0,1,1,1,1,0,1,78.62
1,0,1,1,1,0,1,81.45
1,1,1,0,1,1,0,78.01
0,1,0,1,0,1,0,80.17
0,1,1,0,0,1,1,84.21
1,1,1,1,0,0,1,82.76
0,1,0,1,0,1,0,80.49
1,0,0,0,0,1,1,81.69
0,0,1,1,1,0,1,76.06
0,1,0,1,0,0,1,72.1
0,0,0,0,0,1,1,76.4
0,1,1,1,1,0,0,78.43
0,0,0,0,0,1,1,82.23
0,1,1,0,0,0,1,74.63
0,0,0,1,0,1,1,82.5
0,0,1,0,0,0,1,77.83
0,1,1,1,1,0,1,68.85
1,0,0,0,0,1,0,78.38
0,1,1,1,0,0,1,76.83
1,0,0,0,0,0,1,66.78
0,0,1,1,0,1,1,77.37
0,0,0,0,1,1,1,75.25
0,0,1,0,1,0,1,69.82
0,0,1,0,0,1,0,86.12
1,0,0,1,1,1,0,73.48
1,1,1,0,0,1,0,88.02
0,1,0,0,1,0,1,66.98
0,0,1,1,1,0,0,74.4
0,0,1,0,1,0,1,81.26
0,1,0,1,1,0,1,77.35
1,1,1,0,1,0,0,88.66
0,1,0,1,0,1,1,74.78
1,1,0,0,0,0,1,74.27
0,0,0,1,0,1,0,67.56
1,0,0,0,1,1,0,77.87
1,0,1,1,0,1,0,85.54
0,1,1,1,0,0,1,75.83
1,0,1,1,0,1,1,73.52
0,1,0,1,0,1,1,81.69
0,0,0,0,1,1,0,71.46
1,0,0,1,0,1,0,90.65
0,1,0,1,0,1,1,80.0
1,1,1,0,0,0,1,77.18
1,0,0,0,1,1,1,72.5
1,0,1,1,0,1,0,86.2
0,0,0,0,0,1,1,81.92
1,1,1,1,0,0,1,79.27
0,1,0,0,1,0,1,78.76
0,1,1,0,0,0,1,87.22
0,0,1,1,1,0,0,66.09
0,1,0,1,1,1,0,84.21
1,1,0,1,1,1,1,77.64
1,0,0,0,0,0,1,78.76
0,0,1,0,1,0,1,73.39
0,0,1,1,1,0,0,78.08
1,0,0,1,0,0,0,72.4
0,0,1,1,1,0,0,77.14
1,0,0,1,1,0,1,81.75
0,1,0,1,1,1,1,76.04
1,0,0,0,1,1,1,84.89
0,1,0,0,0,1,0,77.16
0,0,1,0,1,0,0,80.36
0,0,1,1,1,1,1,77.93
1,0,0,0,1,1,0,75.93
1,0,0,0,0,0,1,72.72
0,1,0,0,1,1,1,76.35
0,0,1,0,1,0,1,81.87
0,1,1,1,0,0,0,80.41
1,1,0,0,1,0,0,76.74
0,0,0,1,1,0,1,87.46
1,0,1,0,0,1,1,82.46
1,0,0,1,0,1,0,79.94
0,0,1,1,0,0,1,82.1
1,1,1,1,0,1,0,72.75
0,0,0,0,1,1,0,69.82
1,1,0,1,1,0,0,75.1
0,0,0,0,0,0,0,77.28
0,1,0,0,0,0,0,74.04
0,1,0,1,0,1,0,71.59
0,0,1,1,1,1,1,74.21
1,0,1,0,1,1,1,76.42
0,1,0,0,1,1,1,62.99
1,0,0,1,0,1,1,84.69
0,1,1,1,1,1,0,72.69
1,0,1,0,1,0,0,71.11
1,0,1,0,0,0,1,80.38
0,1,0,0,1,1,0,76.57
0,1,0,1,0,0,0,89.93
0,0,1,0,0,0,0,79.05
0,0,0,0,0,0,0,81.6
1,1,0,0,0,0,1,82.55
0,1,0,0,1,0,0,80.16
0,1,0,1,0,1,0,73.94
0,0,1,0,0,0,1,74.68
1,0,1,1,1,1,1,87.1
0,0,1,1,0,0,1,82.07
1,1,0,1,1,1,1,75.56
1,1,0,0,0,1,0,79.71
1,0,1,0,0,1,1,74.31
0,1,0,0,0,0,0,83.07
1,0,0,0,0,1,0,75.22
1,0,0,0,1,1,1,79.99
0,0,1,0,0,0,1,80.61
0,0,0,0,1,0,1,73.66
0,0,1,0,0,1,0,82.08
0,1,0,0,1,0,1,79.89
1,1,0,1,1,0,1,75.56
1,1,0,0,0,0,0,73.49
1,0,0,0,1,1,1,86.06
1,1,1,1,1,1,1,71.97
0,0,0,0,1,1,0,74.0
1,1,1,1,1,1,0,82.54
1,1,1,1,0,0,0,79.18
0,0,0,1,1,0,0,70.67
0,0,1,0,0,1,1,79.13
1,0,0,1,0,0,0,81.34
1,1,0,1,1,1,0,81.12
0,0,1,1,0,0,1,78.6
1,0,0,0,1,1,0,77.62
1,0,0,1,1,0,0,72.36
0,1,0,1,0,1,0,76.73
0,0,0,0,1,0,1,75.98
0,0,0,1,0,1,0,82.34
0,1,0,0,0,0,1,82.73
1,0,0,1,0,1,0,74.86
0,0,0,0,1,0,0,79.98
0,0,0,1,1,1,0,75.79
0,1,1,1,1,1,1,87.31
1,1,0,0,1,0,1,76.73
1,0,0,0,1,0,1,80.76
0,0,1,1,0,0,0,73.17
0,0,1,1,1,1,0,78.27
1,1,1,0,1,1,1,72.62
1,1,0,0,1,1,0,71.83
0,0,0,1,1,0,0,81.19
0,0,0,1,1,0,0,87.05
0,0,0,1,0,1,1,91.4
1,0,1,0,1,0,0,77.62
1,0,0,0,1,1,0,79.47
0,0,0,0,1,0,0,72.6
1,0,1,1,1,1,0,69.91
1,1,1,1,1,1,0,73.58
0,0,1,1,0,1,1,80.19
1,0,1,0,1,0,1,70.31
1,1,0,0,1,1,1,82.49
1,1,1,1,0,0,0,73.76
0,1,0,0,0,0,0,80.66
1,1,0,0,1,1,1,80.16
0,1,1,1,1,1,0,74.55
0,0,1,0,1,0,1,76.04
1,0,0,0,0,1,0,81.97
1,1,0,1,1,0,1,70.43
1,0,1,0,1,0,1,78.69
1,0,0,1,1,1,0,84.64
1,1,0,0,1,1,0,82.64
0,1,0,0,1,0,1,73.72
1,1,0,0,0,0,0,85.47
1,0,1,0,1,0,0,75.47
0,1,1,0,1,1,0,67.15
0,1,1,0,1,0,1,74.53
1,0,0,1,1,0,0,79.73
0,0,1,1,1,0,0,80.67
1,0,0,0,0,1,1,85.44
1,0,1,1,1,1,1,80.09
1,1,0,1,0,0,0,73.28
1,0,0,0,0,1,1,83.47
1,1,0,1,0,1,0,76.17
1,0,0,1,1,1,0,84.37
0,0,1,1,1,0,1,76.06
0,1,0,0,0,0,1,76.7
0,1,1,1,1,0,1,82.5
1,0,1,1,0,1,0,73.7
0,1,1,1,1,1,0,87.46
0,0,1,1,0,0,0,74.43
1,0,1,1,0,0,0,76.94
1,0,1,1,0,0,1,79.05
0,0,1,1,0,1,1,77.38
0,1,1,1,1,0,1,74.53
0,0,0,1,1,0,1,77.42
1,1,0,1,0,0,0,73.82
1,1,1,0,0,1,0,75.45
1,1,1,1,0,0,0,74.33
0,0,1,1,1,0,0,71.83
0,1,1,1,1,0,0,74.92
0,0,0,0,1,1,1,78.13
1,1,1,1,1,1,1,79.86
1,1,0,1,0,1,1,78.17
1,0,0,1,1,0,0,74.8
0,1,0,1,0,0,0,85.44
0,1,0,1,0,1,1,76.05
1,0,0,1,0,0,1,70.13
1,0,1,1,1,0,0,77.84
1,0,1,0,1,1,0,79.0
0,1,0,1,0,1,0,68.07
1,1,1,0,1,0,1,64.37
1,0,1,0,1,1,1,83.4
1,0,0,0,1,0,0,74.77
1,0,1,0,0,0,1,76.66
1,1,0,0,0,0,1,80.46
1,1,1,0,1,1,1,88.99
0,1,0,1,0,0,1,77.3
1,0,0,1,0,0,0,73.12
0,1,1,0,0,1,0,75.93
0,1,0,0,0,0,0,77.36
1,1,0,1,0,0,1,71.1
1,0,1,0,1,0,0,80.29
0,0,0,1,1,1,0,74.32
1,0,1,0,1,1,0,76.28
0,0,0,1,0,0,1,84.28
0,0,0,0,0,0,1,68.24
0,0,0,1,0,1,1,80.05
0,1,0,0,0,1,1,75.66
1,0,1,0,1,1,1,79.9
1,1,1,1,0,1,1,74.62
1,0,0,0,0,1,1,81.82
1,0,1,0,0,0,0,74.4
0,1,0,1,0,1,1,75.25
0,0,1,0,1,0,1,73.16
1,1,0,0,0,1,1,77.87
1,0,0,0,1,1,1,81.3
1,0,1,1,1,1,0,73.61
1,1,1,0,0,0,1,77.49
1,1,1,1,1,1,1,78.55
0,1,0,1,0,1,0,82.71
1,0,0,0,1,1,0,78.2
1,0,1,1,0,0,0,74.87
0,1,0,1,0,0,0,78.97
0,0,1,0,1,1,0,73.68
1,1,0,0,1,1,1,78.11
0,1,0,1,0,1,1,81.57
1,1,0,0,0,0,0,76.82
0,1,1,1,0,0,0,78.19
0,0,0,1,0,1,0,76.61
0,1,1,1,1,0,0,80.51
1,1,0,0,1,0,1,75.32
0,0,0,0,0,1,0,78.33
1,0,1,0,0,0,1,81.19
0,1,1,0,0,1,1,68.21
0,1,0,0,0,1,0,82.23
0,1,1,0,1,1,0,80.6
0,1,0,0,1,0,1,67.72
1,1,0,1,1,0,1,72.5
1,1,1,1,0,0,0,73.2
0,1,1,0,0,0,0,82.54
0,1,1,1,1,1,0,79.98
1,1,0,0,1,0,1,83.69
1,1,1,1,0,0,1,88.95
1,0,1,1,1,0,1,74.1
0,0,1,1,0,0,1,90.34
1,0,1,0,1,1,1,72.01
0,1,0,0,1,1,1,78.85
1,1,1,1,1,0,1,73.37
1,1,1,0,0,0,1,80.06
1,0,1,1,1,0,1,80.21
0,1,1,0,0,1,0,74.63
0,0,1,0,1,1,0,81.85
0,0,1,0,1,0,1,76.79
1,0,1,1,1,1,0,73.88
0,0,1,0,0,1,1,78.47
0,0,0,0,1,1,0,76.3
1,1,1,0,1,1,1,78.4
1,0,1,0,1,0,0,89.6
0,0,0,0,0,0,1,75.4
1,0,0,0,0,0,1,75.28
1,1,0,0,1,1,1,80.88
0,0,1,1,0,0,1,71.61
0,1,1,0,0,0,0,80.25
1,0,1,0,1,1,1,73.97
0,1,0,1,1,1,1,77.27
1,1,1,1,0,0,0,77.95
0,1,0,0,0,1,0,87.89
0,1,1,1,1,1,0,77.73
1,1,1,0,0,1,0,81.16
0,0,0,1,0,0,1,70.21
0,0,0,1,0,1,0,81.77
0,0,1,0,1,0,0,71.44
0,1,0,0,1,1,1,78.08
0,1,1,1,0,0,0,70.22
0,1,0,0,1,0,0,76.01
0,0,1,0,1,1,1,80.06
0,0,0,0,0,1,0,72.76
1,0,0,1,0,1,0,72.33
0,0,0,0,1,1,1,79.75
1,0,0,0,1,1,1,80.75
0,0,0,0,0,0,1,79.37
1,1,1,1,0,0,0,78.57
0,0,1,0,1,1,1,79.95
0,1,0,0,1,0,0,81.37
0,1,1,0,0,1,0,71.1
0,0,0,1,1,1,0,81.59
1,1,1,1,0,1,0,75.38
1,0,1,0,0,1,1,87.38
1,0,1,1,0,0,1,65.39
0,1,0,0,0,1,1,77.94
1,0,1,1,0,0,0,73.02
1,1,0,1,1,0,0,80.75
0,1,0,0,0,1,0,85.55
0,0,0,1,0,1,0,71.53
1,1,1,1,0,0,1,72.77
0,0,1,0,1,1,1,83.17
0,0,0,1,0,0,0,78.94
1,0,0,0,1,1,1,79.25
1,0,0,1,0,1,1,74.14
1,1,1,0,1,1,1,77.66
1,0,1,1,0,0,0,76.55
1,0,0,0,1,0,0,73.77
1,0,1,1,0,0,0,76.72
0,1,1,0,0,0,0,74.97
1,1,0,1,0,1,1,79.94
0,0,1,1,1,1,1,76.24
1,1,0,1,0,0,0,75.65
1,0,1,1,0,1,1,78.18
1,1,1,0,0,1,0,81.34
1,1,0,0,0,1,1,90.6
1,0,1,1,0,1,1,76.23
0,1,1,0,1,0,0,79.36
1,1,1,0,1,1,0,72.37
0,0,1,1,0,1,1,82.02
0,1,0,1,1,1,0,75.9
1,0,0,1,0,0,1,83.15
1,1,1,1,1,1,1,76.34
0,0,1,0,0,0,0,80.68
1,1,1,1,1,1,0,74.73
1,0,0,1,0,0,1,76.76
1,1,1,0,1,0,1,75.98
0,0,1,0,0,0,1,75.38
0,0,1,0,1,0,1,61.41
0,0,0,1,0,1,1,71.13
1,1,1,0,1,0,0,75.95
1,1,1,1,0,1,1,76.3
0,1,0,0,0,0,0,70.23
0,1,0,0,0,0,1,75.6
0,0,1,0,1,0,0,69.56
0,0,1,1,1,1,1,70.42
0,1,1,1,0,1,1,76.18
1,0,1,0,0,0,1,80.86
0,0,0,0,1,1,0,84.04
1,0,0,0,0,0,1,78.91
1,1,1,1,1,1,0,79.52
0,1,1,1,0,0,1,76.53
0,0,1,1,0,1,0,83.18
0,0,0,1,1,0,1,77.17
1,1,1,1,0,1,0,66.78
1,0,1,0,1,0,0,82.15
0,1,1,1,0,0,0,68.34
0,1,0,0,0,0,0,90.62
1,0,0,0,0,1,0,80.43
0,1,1,1,1,1,0,90.11
0,0,1,1,1,0,0,82.9
1,1,1,0,0,1,1,75.37
0,0,1,0,0,1,0,83.56
1,1,1,1,1,0,0,74.13
0,0,1,1,0,0,1,72.68
1,0,0,1,0,0,1,75.23
0,1,0,0,0,0,0,72.39
1,1,0,0,0,1,0,77.33
0,0,1,0,0,0,1,84.5
0,0,1,0,0,0,1,72.82
0,0,0,0,0,1,1,74.56
0,0,0,0,1,0,1,84.79
0,0,0,0,1,0,0,73.36
1,0,1,1,0,1,0,78.66
0,0,0,1,0,0,0,76.58
1,1,1,0,1,1,1,71.93
0,1,0,0,0,0,1,73.94
1,1,0,0,0,0,0,83.27
0,1,0,0,1,1,1,76.27
0,0,0,1,0,1,0,72.31
0,0,0,0,1,0,0,72.04
1,0,1,0,1,0,1,76.44
0,1,0,1,0,0,0,74.19
1,0,1,1,1,0,0,79.17
0,1,0,0,0,1,1,77.62
1,1,0,1,1,1,1,70.03
0,0,1,1,1,0,1,86.61
1,0,1,1,0,0,1,72.49
0,0,0,1,0,1,1,81.48
0,1,1,0,0,0,1,71.63
0,1,1,0,1,1,1,81.31
0,1,1,1,1,0,1,81.14
1,0,1,0,1,1,0,75.79
0,1,1,1,0,0,1,78.45
1,0,1,1,1,0,1,79.0
0,1,1,0,0,1,0,74.23
0,1,1,0,0,1,1,79.4
1,0,0,0,0,0,0,78.83
1,0,1,0,1,1,1,81.7
1,1,1,0,0,0,1,90.44
1,1,1,0,0,0,1,71.95
0,1,1,0,0,0,0,78.89
1,0,1,1,0,1,0,80.3
1,0,1,1,0,1,1,80.9
0,0,1,0,0,1,1,72.22
0,0,0,0,0,1,1,78.4
0,0,0,1,0,1,0,78.96
1,0,1,0,1,0,0,83.5
0,0,1,1,1,0,1,74.78
0,0,0,0,0,1,0,75.55
1,1,1,0,1,1,0,81.13
1,0,0,0,0,0,0,81.18
1,0,0,0,0,0,1,74.62
1,0,0,1,1,0,1,72.3
1,0,1,1,1,1,0,69.78
0,0,1,1,1,1,0,77.56
0,1,0,0,1,1,0,86.8
1,1,0,1,0,0,0,89.97
0,1,0,1,1,0,1,81.57
1,1,1,0,1,0,0,87.16
1,1,0,0,0,1,1,74.26
0,0,0,0,1,0,0,84.76
0,1,1,1,1,1,1,73.69
1,1,0,1,1,1,1,75.66
0,1,0,1,1,1,0,84.99
1,0,1,0,0,1,0,85.35
1,1,1,0,1,0,0,78.77
1,0,1,0,1,0,0,82.73
0,0,0,0,0,0,0,81.51
1,0,1,0,0,1,0,73.35
1,0,1,0,1,1,1,81.85
1,0,1,1,1,0,1,72.9
0,0,1,1,1,0,0,81.81
1,0,1,1,0,0,1,71.09
0,1,1,0,1,1,0,69.05
1,1,0,0,1,0,1,74.32
1,1,0,0,0,1,0,73.57
1,1,1,0,0,1,1,76.6
1,0,0,1,0,1,1,83.01
0,1,1,1,1,0,0,66.43
0,0,1,1,1,1,1,77.83
0,1,0,1,1,1,1,80.13
0,0,0,0,1,1,1,87.54
1,1,1,0,0,0,0,77.95
1,0,0,1,0,1,1,84.58
1,0,0,0,1,1,0,79.25
1,0,1,1,1,0,0,82.67
0,1,0,0,1,1,1,90.01
0,1,1,1,1,1,1,76.08
0,1,0,0,1,1,1,75.25
0,1,0,1,1,1,0,84.22
1,1,1,1,1,1,0,84.81
0,0,0,0,0,1,1,78.74
0,1,1,1,1,1,0,88.77
1,1,0,1,0,0,1,73.79
1,1,0,0,0,1,1,72.5
1,1,0,0,0,0,0,78.97
1,0,1,0,1,0,0,86.66
0,0,0,0,1,0,0,77.6
0,1,0,1,0,1,0,69.04
0,1,0,0,0,1,0,75.49
1,1,1,1,0,0,0,72.69
0,0,0,0,1,1,0,73.25
1,0,0,0,0,1,0,79.84
0,1,1,0,0,1,1,78.34
1,1,1,1,0,0,0,78.82
0,0,0,0,0,1,0,78.19
0,0,1,0,0,0,1,72.63
0,0,1,1,0,1,1,81.6
0,0,0,1,0,1,0,81.51
0,1,0,1,0,0,0,74.99
1,0,0,1,1,0,0,85.52
1,1,0,1,0,1,1,72.08
0,1,1,1,1,0,0,83.31
0,0,0,0,0,1,1,76.31
0,0,1,1,1,0,1,80.49
1,1,1,0,1,1,1,76.86
1,1,1,1,0,0,0,81.77
1,1,1,0,0,0,1,78.84
0,1,1,1,1,1,0,79.4
0,0,0,0,0,0,0,71.48
1,0,0,1,0,1,0,70.29
1,1,1,0,1,0,1,80.31
0,0,0,0,1,1,0,77.1
1,1,0,1,1,1,0,84.52
1,1,0,0,1,1,1,80.51
0,0,1,0,0,1,0,80.89
1,0,1,0,1,1,0,72.87
0,1,0,0,0,1,0,77.61
0,0,0,1,0,1,1,75.64
1,0,0,0,1,1,0,91.59
1,1,0,0,0,0,0,88.76
0,1,1,0,0,1,1,65.64
0,1,1,0,0,1,0,78.59
1,1,0,0,1,0,1,73.48
1,0,0,1,0,0,0,75.78
1,0,0,1,0,1,0,78.94
1,0,0,1,1,0,1,86.25
1,0,0,0,1,0,1,84.12
1,0,0,0,0,1,0,71.32
0,0,1,1,0,1,1,68.95
1,0,1,1,0,0,0,69.44
0,0,1,1,1,0,1,77.04
0,1,0,0,0,0,0,65.77
1,1,1,0,0,0,1,83.58
1,1,1,1,0,1,1,72.78
0,0,1,1,0,0,0,86.29
1,1,0,1,0,1,0,70.73
0,1,0,1,0,1,0,75.48
0,0,1,0,1,0,0,80.29
0,0,1,0,0,1,0,75.08
0,0,1,0,1,1,1,72.31
1,0,1,1,1,0,1,73.34
0,1,0,0,0,1,1,78.37
1,1,0,0,1,1,0,73.02
1,0,1,0,1,0,0,79.76
0,1,0,1,1,0,1,80.31
0,1,1,1,1,1,1,76.07
0,0,1,1,1,1,0,78.24
1,0,1,1,0,1,0,76.96
0,1,0,1,1,0,1,80.05
1,1,0,0,0,1,1,77.18
0,0,0,1,1,0,1,80.32
0,0,0,0,0,1,0,83.08
1,0,0,0,1,1,1,74.89
1,1,0,1,1,0,0,73.77
1,1,1,0,1,0,1,81.09
0,1,0,1,0,1,0,73.52
0,0,0,0,1,1,0,73.92
0,0,1,0,0,1,0,73.94
0,1,1,0,0,1,1,73.62
1,1,1,1,0,1,0,73.66
0,0,0,0,1,1,0,84.77
0,0,0,0,1,1,1,81.22
0,0,0,0,0,1,1,83.33
1,1,1,1,0,0,1,72.46
1,1,1,0,1,0,0,72.88
0,0,0,1,0,0,0,73.19
0,1,0,1,1,0,1,64.83
0,0,0,0,1,1,1,76.76
0,0,1,0,0,0,1,81.79
0,1,0,0,1,1,1,72.83
0,1,0,0,0,1,0,72.87
0,0,0,1,1,1,1,73.81
0,0,1,1,1,1,0,79.28
1,0,0,0,1,1,1,74.06
1,0,0,1,1,1,1,81.66
1,1,1,0,0,1,0,75.39
0,0,1,1,1,0,1,70.71
1,0,0,0,1,0,1,79.93
1,0,1,0,1,0,0,80.35
1,0,0,0,0,1,1,67.28
0,0,0,1,0,1,0,84.39
1,0,0,0,1,1,1,79.71
0,1,1,0,1,1,1,74.86
1,0,0,1,0,0,1,79.74
0,1,1,1,0,0,1,72.98
1,1,0,0,1,0,0,78.26
0,0,1,1,1,1,1,83.65
0,0,0,0,0,0,0,88.68
1,1,0,1,0,0,1,74.38
1,0,1,1,0,1,0,76.65
1,0,0,0,1,1,1,78.99
0,0,1,1,1,1,1,77.51
0,1,0,0,1,1,0,77.06
1,0,1,0,1,0,1,78.89
0,1,0,0,0,0,1,79.58
0,1,1,1,1,0,0,79.79
1,0,0,0,1,0,1,71.59
0,0,1,0,1,0,0,76.28
0,1,0,1,1,0,1,75.12
0,0,0,1,0,0,1,76.47
0,0,1,1,1,0,1,86.34
0,1,1,1,0,1,1,76.61
0,1,1,1,1,1,1,73.49
0,1,0,0,0,0,0,85.54
0,0,0,0,1,1,1,81.09
1,0,0,1,0,0,0,79.29
1,0,1,1,0,1,1,77.82
1,0,0,1,1,1,0,81.84
1,1,1,1,1,1,0,90.13
0,1,1,0,0,1,0,69.86
1,1,0,1,1,0,0,83.0
1,1,1,1,1,1,1,80.33
1,0,1,1,1,0,0,83.87
1,1,0,0,1,1,1,82.67
1,0,0,0,1,1,0,81.56
0,1,0,0,0,1,1,80.63
1,1,0,1,0,1,0,75.63
1,0,1,1,0,1,0,77.51
0,1,1,0,0,0,0,90.76
0,0,0,0,0,1,0,74.19
1,0,1,1,0,1,1,83.5
0,1,1,0,0,0,1,80.86
0,0,0,0,0,1,1,85.17
1,1,0,0,1,1,0,73.5
0,0,1,0,1,0,0,72.98
1,1,1,1,0,1,1,77.97
0,0,1,0,1,1,0,78.17
0,1,1,1,1,0,0,88.2
1,0,0,0,1,1,1,70.22
0,1,0,1,0,0,1,76.78
1,0,0,1,1,1,0,80.9
0,0,1,1,0,1,0,72.84
1,0,1,0,1,0,1,82.32
0,0,1,1,1,1,1,84.35
0,1,1,0,0,0,1,76.69
1,1,1,1,1,1,0,85.59
1,1,0,1,0,0,1,80.06
1,0,1,0,0,0,1,80.8
0,1,0,0,1,0,0,75.21
0,0,1,0,0,0,1,67.94
0,0,1,0,0,1,0,82.07
1,1,1,0,0,0,0,76.09
1,0,0,0,1,0,1,77.84
0,0,0,1,0,0,0,75.54
1,0,0,1,1,0,0,72.98
1,1,0,1,0,0,1,76.95
1,1,1,0,1,0,1,74.06
0,0,1,1,1,1,0,73.45
1,0,1,0,0,0,0,66.92
0,0,0,1,0,0,1,80.95
1,0,0,1,0,1,1,77.21
1,0,1,0,0,0,0,74.32
1,1,0,0,1,1,1,80.4
1,0,1,1,0,0,1,81.38
1,1,1,0,1,0,1,79.04
0,0,1,0,1,0,0,79.93
1,0,0,0,1,0,1,87.05
0,1,1,1,0,0,1,71.38
0,1,1,0,1,1,0,70.91
0,0,0,0,0,1,1,70.2
1,1,1,1,0,0,0,73.98
0,0,1,0,0,1,0,71.0
0,0,0,1,1,0,1,73.79
0,0,0,0,1,1,0,77.39
1,1,0,1,1,1,0,75.86
1,1,1,1,0,0,0,74.09
1,0,0,1,1,1,0,74.69
1,0,1,0,1,0,1,83.01
0,0,1,0,0,0,0,81.04
1,0,1,1,0,1,1,83.95
0,1,0,1,1,1,1,77.39
1,1,0,0,1,0,0,68.68
0,1,0,1,0,0,1,80.7
0,0,1,1,0,0,0,75.22
1,1,1,1,0,1,0,73.21
0,1,0,0,0,1,0,73.48
0,0,1,1,0,0,0,74.34
1,0,0,1,0,1,1,79.36
0,1,0,0,1,0,0,71.82
0,1,0,1,1,0,1,75.47
0,1,1,1,1,0,1,76.92
1,0,0,1,1,1,0,76.85
1,1,0,1,0,0,0,65.01
0,0,0,1,1,1,0,75.7
1,0,1,1,1,0,0,72.5
0,0,1,1,0,0,1,80.69
0,0,0,1,1,1,0,77.4
0,1,1,0,0,0,1,76.17
0,0,1,1,0,1,0,77.29
0,0,0,0,0,1,1,68.83
1,1,0,0,1,0,1,82.2
0,1,1,0,0,1,1,78.1
1,1,0,1,1,0,0,73.53
1,0,0,1,0,1,0,80.97
1,1,0,1,1,1,0,92.14
0,0,1,0,1,0,1,80.48
0,0,1,1,0,0,1,81.9
0,1,0,1,0,0,1,67.16
0,0,0,0,0,1,1,75.24
1,0,0,1,0,0,0,74.8
1,0,0,1,0,0,0,81.84
0,0,0,0,0,0,1,80.22
1,1,0,0,0,0,0,76.74
0,1,0,0,1,1,0,82.85
0,1,0,0,1,0,1,70.31
1,0,0,1,1,0,0,82.6
0,1,1,1,1,1,0,78.56
1,0,0,0,0,0,0,80.08
0,1,1,0,0,1,0,73.9
1,0,0,1,1,1,1,71.64
0,0,1,0,0,0,0,78.21
1,1,1,0,0,0,1,78.44
0,1,1,0,0,0,0,82.09
1,0,0,0,1,1,1,74.33
0,0,1,0,0,0,0,78.12
1,0,1,1,1,0,1,77.61
1,1,0,0,0,0,0,78.53
1,0,0,0,1,1,1,82.03
0,1,0,0,0,0,0,82.46
0,0,0,1,0,0,0,76.91
0,1,1,1,0,1,0,74.88
0,0,0,1,0,1,0,70.53
1,0,0,0,0,0,0,75.38
1,0,0,1,0,0,0,74.39
1,1,0,0,0,1,0,82.86
0,0,0,0,1,0,0,71.2
1,0,0,1,0,1,1,79.71
0,0,0,1,0,1,0,83.69
1,1,0,0,1,1,1,73.22
1,0,1,1,1,1,0,80.69
0,0,1,0,1,1,1,81.29
1,0,1,1,1,1,0,72.77
0,1,1,1,1,1,0,77.5
0,0,0,0,0,1,1,83.43
0,0,0,1,1,0,0,75.85
1,0,1,0,1,0,1,75.37
1,0,1,0,0,1,1,80.74
1,1,0,1,1,1,0,83.98
0,1,1,0,1,1,0,81.93
0,1,0,0,0,0,0,74.9
1,0,0,0,1,0,0,72.51
0,1,0,1,1,0,1,83.01
0,0,0,0,1,1,1,71.58
0,0,1,0,0,1,0,83.88
1,1,1,1,1,0,1,81.95
1,0,0,0,0,1,0,85.29
1,0,1,1,0,1,1,80.73
1,1,0,0,0,1,1,82.56
1,0,0,1,0,0,1,75.87
1,0,1,1,0,0,0,73.25
0,1,1,1,0,1,0,79.61
1,1,0,0,0,1,1,72.66
1,0,0,0,0,0,1,79.99
0,0,1,1,1,0,0,82.37
1,1,1,1,1,1,1,77.31
0,0,0,0,1,0,0,83.15
1,0,0,1,1,0,1,78.37
1,0,1,1,0,1,0,78.77
0,1,0,1,0,0,1,83.81
1,0,1,0,1,0,1,81.61
0,1,1,1,1,0,0,79.69
0,0,0,1,1,1,0,83.17
1,0,1,0,0,0,1,87.63
0,0,0,0,1,0,0,78.27
0,1,0,1,1,0,1,86.58
1,0,1,0,1,0,0,79.24
0,1,0,0,0,1,0,76.51
1,1,0,0,0,0,1,78.74
0,1,1,1,0,1,0,67.89
0,0,0,1,0,0,0,75.78
1,0,0,1,1,0,1,77.02
0,0,1,0,1,1,0,77.67
1,0,0,0,1,0,0,71.68
0,0,1,1,1,1,1,75.35
1,1,1,0,0,0,1,84.19
0,0,0,1,0,1,1,75.62
0,1,1,0,0,1,1,74.3
1,0,1,1,0,0,1,80.32
0,1,1,1,0,0,1,78.0
1,0,1,1,1,1,1,70.99
1,1,1,1,1,1,1,70.83
1,0,1,1,0,1,0,74.77
0,0,0,1,1,0,0,81.32
0,0,1,1,0,0,0,79.69
0,1,0,0,0,1,1,67.67
0,1,0,0,0,1,0,78.94
0,1,0,1,1,0,0,74.33
0,1,1,0,0,0,0,86.34
0,0,1,1,0,0,0,76.9
0,0,1,0,0,0,1,69.18
1,1,1,0,0,0,0,74.06
1,1,0,0,1,1,1,79.8
0,1,0,0,1,1,1,68.79
1,0,0,1,0,0,0,85.44
0,1,0,0,1,0,0,79.97
1,0,1,1,1,0,1,71.98
1,0,0,1,0,1,0,87.69
0,0,0,0,0,1,0,73.09
1,1,0,0,1,0,0,75.09
1,0,1,1,0,1,1,74.32
0,1,0,1,1,1,1,84.32
0,1,1,0,1,1,0,71.22
1,0,0,1,0,1,0,84.36
1,1,0,0,0,0,1,76.45
0,1,0,1,1,1,0,73.76
1,1,0,1,0,0,1,78.12
1,0,0,0,1,0,0,81.06
0,0,1,1,0,1,0,70.17
0,1,1,0,0,0,1,79.41
1,0,0,1,1,1,0,77.85
0,1,0,1,1,0,1,70.77
0,0,0,1,1,1,1,82.16
1,1,1,1,0,0,1,85.17
1,0,1,0,0,1,1,73.37
1,0,1,1,1,1,0,83.45
1,1,0,0,0,0,1,70.59
1,0,0,0,1,0,0,73.64
1,0,1,1,0,0,1,74.29
1,0,0,1,0,1,0,74.16
0,1,0,0,1,0,0,79.97
1,1,0,1,1,1,0,81.54
1,0,1,1,1,1,0,83.07
1,0,1,0,1,1,1,80.67
1,1,1,0,1,0,1,86.07
0,1,1,1,1,1,1,78.88
1,1,0,0,0,0,1,74.37
1,1,1,0,0,0,0,79.61
0,1,1,1,1,1,1,88.04
0,0,0,1,0,0,0,79.44
0,1,0,1,0,0,0,80.71
1,1,1,0,1,0,0,76.91
1,1,0,0,0,1,1,72.15
1,0,1,0,0,0,0,79.79
0,0,1,0,1,1,0,76.47
0,1,0,1,1,0,0,78.67
1,1,0,1,1,0,0,74.43
0,1,0,0,0,1,1,79.64
1,1,0,0,0,0,0,73.78
0,0,0,1,1,1,0,73.71
0,0,0,0,0,0,1,70.06
0,1,1,1,1,0,0,73.46
0,0,1,0,1,1,0,82.33
1,1,0,0,1,1,1,76.51
0,0,1,0,1,1,1,67.78
1,0,0,0,1,0,0,71.63
1,0,0,1,0,1,0,74.02
1,0,0,1,0,1,0,82.99
0,1,0,0,0,1,1,77.02
0,1,0,1,0,0,1,84.1
1,0,0,1,0,0,1,76.26
1,0,0,1,1,0,0,72.79
1,1,1,1,0,1,0,72.18
1,0,0,1,0,1,1,80.98
1,1,1,0,0,1,0,82.42
0,1,0,1,1,1,1,72.7
0,0,1,1,1,1,1,80.45
1,1,1,1,1,0,1,78.29
0,0,1,0,0,1,1,75.63
0,0,0,0,1,1,0,71.15
0,1,1,1,1,1,1,72.63
0,1,1,0,0,0,1,75.0
0,0,1,0,0,1,0,80.28
1,1,0,0,0,0,1,82.73
0,1,1,0,0,1,1,76.74
1,1,0,1,0,1,1,75.09
0,1,0,1,1,1,0,67.82
1,1,0,1,1,1,1,75.08
0,1,1,0,0,0,1,76.57
0,1,0,1,0,0,1,65.96
1,0,0,0,1,0,0,76.89
0,1,1,0,1,1,0,79.86
0,1,0,1,0,0,1,73.29
0,0,0,1,1,1,1,75.54
0,1,0,1,1,0,1,82.66
1,1,1,1,1,1,1,80.0
1,1,0,0,0,1,1,89.26
0,0,1,0,1,1,1,76.92
1,1,1,0,1,0,1,79.23
1,0,0,0,0,1,1,81.9
1,1,0,1,0,0,0,71.25
1,0,1,0,1,1,1,78.93
0,0,1,0,0,0,0,83.98
1,1,1,0,1,1,0,87.57
1,0,1,0,0,1,1,80.39
0,0,1,0,1,0,0,69.38
1,1,0,0,0,1,1,72.51
1,0,1,0,0,1,1,67.56
0,1,0,0,1,1,0,74.57
0,1,0,0,0,0,0,77.93
0,0,1,0,0,1,1,89.17
0,1,1,0,0,0,1,76.86
1,1,0,0,1,0,0,78.17
1,1,0,0,0,1,1,83.8
1,0,0,0,0,0,0,73.95
1,0,1,1,1,1,0,72.01
0,0,1,1,0,0,1,72.68
1,0,1,0,1,0,0,78.7
1,0,1,1,1,0,1,70.84
1,1,1,1,1,0,1,74.51
0,1,0,0,1,1,1,75.28
1,1,1,1,0,1,0,72.02
1,1,1,0,1,1,0,73.39
0,1,0,1,0,0,0,82.83
0,0,1,1,0,1,0,77.31
0,1,0,0,0,1,1,73.18
1,1,1,0,0,0,0,70.62
1,1,1,1,0,0,1,87.67
0,0,0,1,1,1,1,84.91
1,0,1,1,0,0,0,82.22
1,1,0,1,1,0,1,83.71
0,0,0,1,1,0,1,74.56
0,1,1,0,1,0,1,75.42
1,1,0,0,0,1,1,78.89
1,0,1,1,0,1,0,76.01
1,1,0,1,1,0,0,74.39
1,0,1,1,1,0,0,78.89
0,1,1,1,1,0,0,73.85
1,1,1,0,0,1,0,88.3
1,0,1,0,0,1,0,74.56
1,1,0,0,0,0,1,79.87
0,1,0,1,0,1,1,86.9
1,0,1,1,1,0,0,78.14
1,1,0,1,0,0,0,79.54
1,0,1,0,1,1,0,79.96
1,0,0,1,1,0,1,76.88
1,1,0,1,0,0,1,73.75
1,0,0,0,0,1,0,73.91
1,1,1,0,0,1,1,74.12
0,1,0,1,0,0,1,77.57
0,1,1,0,1,0,1,70.71
1,1,0,1,0,1,1,76.41
0,1,0,1,0,0,1,71.79
0,1,1,0,0,0,0,74.03
1,0,0,0,1,0,0,73.75
1,0,1,1,0,0,0,71.7
0,1,0,0,0,0,0,69.64
0,1,0,0,0,0,0,80.98
1,1,1,0,0,0,0,70.6
0,1,1,1,1,0,1,70.89
1,0,0,0,1,1,0,77.01
1,1,1,0,1,1,1,72.94
1,0,1,0,1,1,0,64.18
0,1,1,1,1,0,1,73.94
1,0,1,0,1,0,0,82.36
0,1,0,0,1,1,1,69.66
1,1,1,1,0,0,1,78.03
0,1,0,0,0,1,1,82.38
1,1,1,0,0,1,0,80.79
1,0,0,1,0,0,1,64.99
1,1,0,1,0,1,1,80.87
1,0,1,1,1,0,1,64.7
0,0,0,1,0,1,0,68.94
1,1,1,1,0,0,0,83.0
1,0,0,0,1,0,1,79.3
0,1,0,1,0,1,0,81.23
1,1,1,0,1,0,1,84.3
0,0,0,1,0,1,1,80.13
0,1,0,1,1,1,1,77.4
0,1,0,0,1,0,1,65.31
0,0,1,0,1,0,1,75.51
0,0,0,0,1,1,1,81.14
0,1,1,1,1,0,0,83.25
1,1,0,1,1,0,1,81.54
1,1,1,0,1,1,1,78.46
1,0,0,0,0,1,0,71.37
0,1,0,1,1,0,1,80.04
0,1,0,1,1,0,1,77.98
0,1,0,0,1,1,1,78.51
0,1,0,1,1,1,1,75.75
1,1,0,0,1,1,1,73.03
0,0,0,0,1,0,1,75.88
0,1,1,1,1,0,1,80.32
0,1,1,1,1,0,0,84.72
0,1,0,0,0,1,0,89.4
0,1,0,1,1,0,0,80.14
1,1,0,0,0,0,0,78.16
1,0,1,1,1,0,1,68.71
1,1,1,0,0,1,0,78.07
1,1,1,0,0,0,1,85.2
0,0,0,0,1,1,0,79.4
0,1,1,0,1,0,0,75.75
1,0,1,0,0,0,1,79.65
1,0,1,0,0,1,0,75.5
0,1,1,0,0,1,1,76.08
1,1,1,1,1,1,1,73.74
1,0,1,0,1,1,1,70.36
1,1,0,1,0,1,0,77.1
1,0,1,1,0,0,0,84.79
1,1,0,0,1,1,1,75.92
0,0,0,1,1,1,1,73.36
0,1,1,1,0,1,0,74.29
0,1,1,1,1,1,1,79.91
1,1,1,1,0,0,1,80.97
1,0,0,1,0,1,1,72.12
0,1,0,1,1,0,0,85.48
1,1,0,0,1,0,0,66.83
0,1,1,0,0,0,1,74.88
0,1,1,0,0,0,1,80.27
1,0,1,1,0,1,1,82.45
0,1,0,0,0,1,0,77.42
0,0,1,0,1,0,1,94.16
0,0,1,1,0,1,1,78.46
0,1,0,1,1,0,0,83.66
1,0,1,0,1,1,0,74.8
0,1,1,1,1,0,1,74.36
0,1,1,1,1,0,1,76.99
1,0,0,1,1,0,0,79.12
0,0,0,1,0,1,0,78.19
1,1,0,0,1,1,1,80.21
0,0,0,0,0,0,0,76.46
1,1,1,1,0,0,0,81.35
1,1,1,0,0,0,0,71.9
1,0,1,0,0,0,1,76.64
0,1,1,0,1,1,0,80.32
0,1,0,0,1,1,1,74.47
1,1,1,1,1,1,0,70.51
0,0,1,0,0,1,1,72.83
1,1,0,1,1,1,0,88.84
0,0,1,0,0,1,0,77.06
1,0,0,1,1,0,0,73.88
0,0,0,0,1,1,0,81.67
1,0,0,0,1,1,0,85.44
1,0,0,1,1,0,1,78.59
0,1,1,0,1,0,1,66.54
0,1,1,0,0,0,0,75.96
0,0,0,1,0,1,0,82.71
0,1,0,1,1,0,1,78.99
0,1,1,0,1,0,1,75.07
0,1,0,1,0,1,1,84.4
0,1,0,0,1,0,0,83.38
1,0,1,0,0,1,0,84.18
1,1,0,1,1,1,1,81.02
1,1,0,0,1,0,0,83.62
0,0,1,1,1,0,0,77.96
0,1,0,0,0,1,1,75.44
1,1,0,0,0,0,1,82.43
0,1,1,1,1,1,1,72.12
0,1,0,0,1,0,1,78.08
1,1,0,0,0,1,0,89.16
0,0,1,0,0,0,0,83.42
0,0,0,0,1,1,0,78.68
1,0,1,0,0,1,0,84.64
0,1,1,0,1,0,1,70.09
1,1,1,0,0,0,1,75.44
0,1,1,0,1,0,0,82.51
0,1,0,0,0,0,0,80.22
1,1,0,1,0,1,0,84.38
1,1,0,0,0,1,0,77.44
1,1,0,0,0,1,0,77.75
1,0,0,1,0,1,0,87.3
0,0,1,1,1,1,0,70.19
0,0,1,1,0,1,0,79.14
0,1,1,0,0,1,0,82.81
1,1,0,1,1,0,0,82.27
1,0,0,1,0,1,1,74.03
0,0,0,0,0,0,1,76.38
0,0,1,0,0,0,1,86.03
0,0,1,0,0,1,1,84.07
1,0,0,1,1,1,0,71.6
1,0,0,1,0,1,0,83.85
0,1,1,1,1,1,1,72.79
0,0,0,1,0,0,0,76.62
0,0,1,0,0,0,1,81.57
0,0,0,0,0,1,0,88.79
0,1,0,1,0,1,0,81.79
1,0,0,0,1,1,1,69.4
1,0,1,1,1,1,0,77.23
0,1,1,0,1,0,0,76.77
0,1,1,1,1,1,0,83.06
1,1,0,0,0,1,0,81.41
1,0,1,1,0,1,0,79.0
1,0,1,1,0,0,1,81.39
0,0,0,0,1,0,1,73.18
0,1,0,1,1,0,1,71.69
1,0,0,1,0,0,0,70.38
1,0,0,1,1,0,0,76.07
0,1,1,0,1,1,1,78.1
0,0,0,1,0,0,0,80.45
1,1,1,0,0,0,1,73.16
0,0,1,0,1,1,1,79.83
0,0,0,1,1,0,0,79.75
1,0,1,0,1,1,0,70.53
1,1,0,1,0,1,0,67.25
1,0,1,0,1,0,0,89.6
1,1,0,1,1,0,1,77.26
1,1,1,1,1,1,0,70.72
1,0,1,0,1,1,1,78.13
0,1,1,0,0,1,0,87.67
0,1,1,1,1,0,0,82.45
0,1,0,0,0,1,0,76.38
1,0,0,1,1,1,1,79.06
0,0,0,0,1,0,1,73.16
0,0,0,1,0,1,1,76.32
0,0,1,0,0,0,1,78.17
1,1,1,0,0,0,0,80.56
1,1,0,0,0,1,1,75.73
1,0,1,1,0,1,0,88.39
1,1,1,1,0,0,0,85.32
1,0,0,0,1,1,1,82.26
0,0,0,0,1,1,1,81.93
0,1,0,0,0,0,0,80.98
1,0,1,0,0,1,0,77.64
0,0,0,1,0,1,1,77.05
1,0,1,1,0,1,1,83.3
1,0,1,0,1,1,0,76.26
1,1,0,1,1,1,0,78.78
1,1,1,1,0,0,0,86.46
1,0,1,1,1,0,0,77.94
1,1,1,0,1,0,0,80.18
0,0,1,0,0,0,1,84.9
0,1,1,0,0,0,0,75.94
1,1,0,1,0,1,0,81.22
0,1,1,1,1,1,0,74.68
1,1,0,0,1,0,0,87.65
0,0,0,1,1,0,0,77.3
0,1,1,0,0,1,1,77.17
0,0,0,1,1,0,0,68.58
1,1,0,0,0,0,1,77.39
0,0,0,1,1,1,0,77.53
0,1,1,0,0,1,1,80.77
1,1,1,1,1,1,0,83.21
0,0,1,0,1,1,1,73.34
1,0,1,1,1,1,0,69.02
0,1,1,0,1,0,1,74.41
0,1,1,1,1,0,0,71.72
0,0,1,0,0,0,0,81.99
0,1,0,1,0,0,1,76.5
0,0,0,1,1,1,0,77.26
1,0,1,1,0,1,0,70.37
0,1,0,0,1,1,0,76.14
1,1,0,1,1,1,1,76.36
1,1,1,0,0,0,1,68.42
1,0,1,0,1,1,1,78.95
1,0,1,0,0,1,0,79.03
0,1,0,1,1,1,1,89.3
0,1,0,1,0,1,1,76.92
0,1,1,1,0,1,0,80.51
0,1,1,1,0,1,1,67.36
0,1,0,0,0,1,0,78.68
1,0,1,0,0,0,0,85.13
0,0,1,1,0,0,0,77.11
0,1,1,1,1,0,1,78.84
1,1,1,1,1,0,0,77.62
0,1,0,1,0,0,0,73.62
1,0,0,1,1,1,1,83.76
1,0,0,0,1,0,0,77.98
0,0,1,0,0,0,1,74.17
1,1,0,1,1,0,0,82.93
1,0,0,0,0,0,1,77.84
0,0,0,0,1,1,1,81.94
1,1,0,1,1,1,0,83.15
0,1,0,1,1,0,1,80.44
1,0,1,0,0,0,0,75.76
1,1,1,0,1,1,1,79.81
0,0,1,1,1,0,1,67.75
1,0,1,1,0,0,0,79.98
1,1,0,1,1,1,0,70.1
1,1,1,1,0,0,0,73.05
1,0,0,1,0,1,1,71.15
0,1,0,1,0,1,1,76.58
0,0,0,1,0,0,1,72.35
1,0,0,0,0,1,1,75.91
1,1,1,1,0,0,1,74.81
1,1,1,0,1,1,1,73.0
0,0,1,0,0,0,0,68.65
1,0,1,0,1,1,0,82.29
1,0,1,1,1,0,0,77.87
0,1,0,1,0,1,1,74.9
0,1,1,1,1,0,1,89.9
0,1,1,1,1,0,0,75.71
0,0,0,1,1,0,0,77.03
0,0,0,0,1,1,1,73.83
0,1,1,1,1,1,0,73.2
1,0,0,1,1,1,0,71.79
0,0,0,1,0,1,1,74.46
0,0,0,0,1,0,1,70.31
0,0,1,0,1,1,0,75.44
1,0,1,1,0,1,0,77.63
1,1,0,0,0,1,1,71.92
1,0,1,0,1,1,1,75.15
1,0,0,0,0,1,1,70.41
1,0,0,1,1,0,0,79.99
0,1,1,1,1,1,0,75.07
0,0,0,0,1,0,0,81.84
0,0,0,0,0,1,0,87.4
1,0,1,0,1,1,0,77.94
1,0,1,1,0,1,1,73.13
0,1,1,0,0,1,0,73.27
1,1,1,0,0,0,1,75.28
0,0,0,1,1,0,1,68.94
1,0,0,1,0,1,1,72.34
0,1,1,0,0,1,1,83.56
1,0,1,1,0,1,0,70.31
0,0,1,1,0,1,1,73.22
0,0,0,0,1,1,1,71.52
1,1,1,1,1,1,1,74.66
0,1,1,1,0,0,1,75.59
0,0,1,1,1,0,0,72.81
0,1,1,0,1,0,1,76.65
0,0,0,1,1,0,1,74.13
0,1,1,1,0,1,1,80.94
0,1,1,1,1,0,0,70.63
0,1,1,1,0,0,0,80.94
0,1,1,1,0,1,0,78.01
0,1,0,1,0,0,1,80.16
1,1,1,0,1,1,1,74.02
0,0,0,0,0,1,0,73.28
1,1,0,1,1,0,1,86.59
1,0,1,0,1,1,1,86.32
1,1,0,0,0,1,0,79.56
0,0,1,1,0,0,1,82.17
0,0,1,0,0,0,1,80.49
1,1,0,0,0,0,1,78.31
0,0,1,0,0,0,0,74.45
0,0,0,1,0,0,1,85.76
1,1,0,0,1,1,0,83.94
1,1,1,1,0,1,0,74.92
0,0,0,1,0,1,1,75.78
0,0,0,0,1,1,0,80.5
1,0,1,1,1,0,1,80.32
1,1,1,0,0,0,0,74.29
0,0,0,0,1,1,0,83.41
0,1,0,0,1,0,0,74.57
1,1,1,0,1,0,0,75.62
1,1,0,0,0,1,0,75.39
1,1,1,0,1,1,0,84.65
1,1,0,1,0,1,1,76.95
1,0,0,1,1,1,0,79.1
0,1,1,1,0,0,0,79.75
0,0,0,1,0,1,0,77.86
0,1,0,1,0,1,0,84.0
0,1,1,1,0,0,0,74.76
0,0,1,0,1,1,1,83.91
1,1,1,0,0,1,0,80.11
0,0,0,0,1,0,1,69.37
0,1,0,0,1,1,1,76.75
0,1,0,1,0,0,1,86.58
0,1,1,0,0,0,0,75.4
1,0,1,0,0,0,0,84.93
1,1,0,1,1,1,0,84.15
0,1,1,1,0,0,0,79.04
0,0,1,1,1,0,1,69.67
0,1,0,0,0,1,0,72.09
0,0,1,1,1,0,0,74.16
0,1,1,1,1,0,0,75.84
0,1,0,1,0,1,0,75.86
0,1,1,1,1,0,1,74.33
1,1,0,1,0,0,0,78.69
1,1,1,0,1,0,0,78.9
0,1,1,0,0,1,1,73.63
1,0,1,1,0,0,1,87.07
0,0,0,1,0,0,0,80.9
1,0,0,1,0,0,1,73.28
0,0,1,0,0,0,1,81.5
1,0,0,0,0,0,1,66.79
1,0,0,0,1,0,1,79.49
1,0,1,1,1,1,0,79.74
0,1,1,0,1,0,1,71.99
0,0,1,1,0,0,0,77.7
1,1,1,0,1,1,0,77.84
0,0,1,0,0,1,0,72.79
0,1,1,1,1,1,1,83.6
1,1,0,0,1,0,0,66.58
0,1,1,0,0,0,1,75.85
1,0,0,1,1,1,1,77.33
0,1,1,0,1,1,0,77.09
1,0,1,1,0,0,1,86.8
0,0,0,1,1,1,1,76.61
0,0,1,0,0,0,0,75.83
0,1,1,0,1,0,0,75.08
0,0,0,0,1,1,0,77.29
0,0,0,1,0,0,1,83.09
0,1,0,1,0,0,0,78.48
1,0,0,0,1,0,1,78.41
0,1,0,1,0,1,1,81.54
1,1,0,0,0,0,1,79.41
0,1,0,1,1,0,0,72.14
0,0,1,1,1,1,0,79.19
1,0,1,0,0,0,0,81.46
1,0,1,1,1,1,0,72.49
0,1,0,1,0,1,0,74.23
1,1,0,0,0,1,0,70.14
1,0,0,1,1,0,1,80.55
0,1,1,0,0,1,0,72.99
0,1,1,1,1,1,0,73.16
1,0,0,0,1,0,0,80.26
0,1,0,0,0,1,1,82.21
0,0,0,0,0,0,0,78.53
1,0,1,1,0,0,0,66.95
1,1,0,1,1,0,1,75.17
1,1,0,1,1,0,1,77.17
0,1,1,1,1,1,1,76.96
0,1,1,0,0,1,1,88.24
0,0,1,1,1,0,1,74.07
0,0,0,0,1,1,1,72.07
1,1,0,1,1,0,0,70.28
1,1,0,1,0,1,1,72.4
0,0,1,0,0,0,1,75.08
0,1,0,0,1,1,1,79.8
1,0,1,0,0,0,1,77.17
0,0,1,1,1,1,0,77.08
0,1,0,0,0,1,0,75.86
1,1,1,0,1,1,0,88.53
1,1,0,1,0,0,0,88.53
0,0,0,1,1,0,1,78.38
1,1,1,1,1,1,0,82.35
1,0,1,0,1,1,1,79.6
0,0,1,1,0,0,0,69.88
1,1,0,0,0,1,1,77.26
0,0,0,1,0,0,1,79.03
0,0,0,1,0,1,1,83.69
1,0,1,1,1,0,0,89.55
1,1,0,0,1,1,1,86.39
0,1,1,1,1,0,1,80.7
0,0,1,0,1,0,1,81.17
1,1,1,1,0,0,0,78.67
1,1,1,1,1,0,0,79.39
1,1,1,0,1,0,1,87.42
1,1,0,1,0,1,1,81.63
0,1,0,0,0,0,0,88.4
0,0,1,0,0,1,1,71.07
1,0,0,0,0,0,1,82.07
0,0,1,1,0,0,0,67.3
1,1,0,0,0,0,1,75.49
0,1,1,1,0,0,1,76.25
1,0,1,1,0,0,1,84.63
0,0,1,0,0,1,0,89.88
1,1,1,0,1,0,1,82.97
0,1,1,1,1,0,0,79.48
0,0,1,0,1,0,1,75.4
1,1,0,0,0,1,1,80.03
0,1,0,1,1,0,0,85.49
1,0,0,1,0,1,1,80.11
0,0,1,1,0,0,1,81.78
0,1,0,0,1,0,0,81.22
1,1,1,0,0,0,0,71.16
0,0,1,1,0,0,1,81.59
0,1,0,1,0,1,0,84.7
0,0,1,1,1,1,0,76.78
0,0,0,1,0,0,0,74.7
1,1,0,0,0,0,0,80.36
1,0,1,0,0,0,0,76.9
1,0,1,1,1,1,1,74.58
1,1,0,0,1,0,1,75.07
0,0,1,0,1,0,0,75.23
1,0,1,1,1,0,1,86.88
1,1,0,1,0,0,1,73.42
0,0,1,0,0,1,0,81.24
1,1,1,0,1,1,0,81.2
1,1,1,0,1,0,0,74.03
0,1,0,1,1,0,1,84.76
0,0,0,1,1,0,0,82.9
0,1,1,1,1,0,1,73.02
1,0,1,1,1,0,0,79.94
0,1,1,0,0,0,0,74.48
1,1,0,1,0,0,0,79.2
0,0,1,0,0,0,0,77.9
1,0,1,0,0,1,0,81.21
0,1,1,0,1,0,0,85.63
0,0,0,0,0,0,0,79.93
0,1,1,1,0,0,1,80.04
0,1,1,1,0,1,1,79.96
1,0,0,1,0,1,1,70.73
0,0,1,1,1,1,0,76.7
1,1,1,0,1,0,1,83.46
0,1,0,1,0,0,0,81.0
0,1,0,0,0,0,1,74.63
0,0,0,1,1,1,1,77.77
0,0,0,1,0,0,1,73.52
1,0,1,1,0,1,0,76.96
1,0,1,1,1,0,1,83.64
1,1,1,0,1,1,1,76.55
0,1,0,0,0,1,1,77.34
1,1,0,0,1,1,0,83.96
0,0,1,0,1,0,1,66.96
0,1,1,1,1,0,1,72.93
0,0,0,1,1,1,1,77.34
0,1,0,0,1,1,0,79.8
1,0,1,1,0,1,0,74.93
0,0,1,1,0,0,1,81.62
0,1,0,0,1,0,1,77.14
1,1,0,1,0,1,0,76.7
0,0,1,1,1,1,1,78.46
0,0,1,0,1,0,1,83.4
1,0,1,1,0,1,0,89.31
1,0,0,1,1,1,1,77.16
0,1,1,1,0,0,1,74.66
0,1,1,0,1,0,0,66.78
0,0,0,0,0,1,1,75.31
0,0,1,0,0,0,0,74.41
1,0,0,0,0,1,1,84.18
1,0,0,0,1,1,1,73.24
1,0,0,1,0,1,1,77.95
0,1,1,0,1,0,0,73.19
1,1,0,1,0,1,1,80.25
0,1,1,0,1,1,0,79.1
1,0,1,0,1,0,0,74.38
0,1,0,1,1,1,0,75.47
1,1,1,1,1,0,0,81.7
0,1,0,0,0,0,0,80.36
0,1,1,0,0,0,1,82.51
0,1,1,0,1,0,1,71.48
0,0,1,0,0,0,0,79.17
1,0,1,1,0,0,0,87.17
0,1,0,0,0,1,0,81.15
0,0,1,0,0,0,1,78.51
1,0,1,1,0,0,1,62.93
0,1,1,0,1,0,0,79.41
1,0,1,0,1,0,0,73.39
1,1,0,0,0,0,0,72.57
1,0,0,0,0,0,0,72.54
0,1,1,0,1,1,1,78.67
1,0,0,1,1,1,1,71.66
0,0,1,0,0,1,1,69.35
1,1,0,1,0,1,1,82.97
0,1,1,0,0,1,1,74.62
0,0,1,0,1,1,0,74.44
1,1,1,0,0,1,0,71.8
1,1,1,0,1,0,0,82.12
0,0,1,0,0,0,1,79.92
1,1,0,1,1,0,1,78.52
0,1,0,0,1,1,1,78.31
0,0,0,0,1,0,1,77.67
1,0,1,0,1,1,1,73.48
0,1,0,1,1,0,0,79.7
0,0,0,1,0,0,0,73.14
0,0,1,1,1,0,0,77.35
1,1,0,1,1,0,1,81.35
0,1,1,1,1,1,1,73.77
1,0,0,0,0,0,1,84.26
1,1,0,1,1,0,1,82.6
1,0,1,0,0,0,0,72.26
1,1,0,1,0,0,0,77.12
1,0,1,1,1,1,0,82.7
1,1,0,1,1,0,0,78.93
1,1,0,1,1,1,1,77.12
1,0,1,0,1,1,1,81.29
1,0,0,0,1,0,1,69.55
1,1,0,1,1,0,0,70.4
0,1,0,1,1,1,1,74.33
1,0,0,0,0,0,1,73.33
1,0,0,0,1,1,0,76.06
1,0,0,0,1,0,1,76.25
0,1,0,1,1,1,0,69.75
1,1,0,1,1,0,0,77.55
1,0,0,1,0,1,0,72.89
0,0,0,1,1,0,0,81.4
0,1,1,0,1,1,0,75.63
0,1,0,1,0,1,0,79.98
1,1,1,0,1,0,1,75.76
0,1,0,1,0,1,1,78.23
0,0,1,0,0,1,1,77.11
1,1,0,1,0,1,1,73.92
0,0,1,1,1,0,0,82.33
0,1,1,1,1,1,1,83.04
0,0,1,0,0,0,0,80.86
0,0,1,1,0,1,1,85.07
1,1,0,1,1,0,1,74.9
1,0,1,1,1,1,1,87.06
1,0,1,0,1,0,1,76.0
1,1,1,0,1,0,0,78.94
1,0,0,1,0,1,0,66.2
1,0,1,1,0,1,0,75.21
1,1,0,1,1,1,1,74.59
1,0,1,1,1,1,0,77.17
0,1,0,1,0,0,1,75.3
0,0,0,0,1,0,0,87.88
1,0,0,0,0,1,1,68.92
1,0,1,1,1,1,0,77.84
0,0,0,1,1,0,0,68.76
0,0,0,1,0,0,0,78.56
1,0,0,1,0,0,0,80.31
1,0,0,0,0,1,1,74.81
0,0,1,1,1,0,1,75.8
0,1,1,0,1,0,0,77.15
1,0,1,0,0,1,1,91.11
1,0,0,1,0,0,1,74.78
1,1,1,1,0,0,0,82.75
1,0,0,0,0,0,1,76.14
1,0,1,1,1,1,0,80.92
1,1,1,1,0,0,0,71.3
1,1,1,1,1,1,1,73.65
1,0,0,0,0,0,1,76.54
1,1,1,0,1,0,0,85.45
0,1,0,0,1,0,0,81.2
0,0,0,1,1,1,0,75.15
1,0,1,0,1,0,1,77.36
1,1,0,0,1,0,1,74.19
0,0,1,0,0,1,1,75.67
1,0,0,1,1,0,0,78.67
1,1,0,0,1,1,1,74.01
1,1,0,1,0,0,0,72.6
1,0,1,0,0,0,0,80.01
1,1,0,0,1,1,0,79.24
0,0,1,0,0,1,1,81.92
0,1,0,0,1,1,1,73.33
0,0,0,1,1,1,1,78.37
1,1,0,1,0,1,1,77.25
1,0,1,1,1,1,0,85.6
0,0,0,0,1,1,0,86.39
1,1,1,0,1,1,0,73.23
1,1,0,0,0,0,1,79.72
0,1,1,0,0,1,1,68.65
0,0,1,0,1,0,0,86.57
0,1,1,0,1,0,0,73.46
1,1,0,1,0,1,1,77.62
0,1,1,1,1,1,1,77.1
0,0,0,0,0,0,0,80.82
1,1,1,1,1,1,1,85.95
0,0,1,1,1,0,1,88.2
0,1,1,1,1,0,1,79.19
0,0,1,0,1,0,0,89.2
1,1,0,1,0,1,1,73.49
1,0,0,1,0,1,0,67.9
0,0,0,0,1,0,1,78.1
0,0,1,0,1,0,0,75.51
1,1,0,1,1,1,0,87.84
0,1,0,1,0,0,1,82.61
0,1,1,1,0,0,0,80.56
0,0,1,0,1,0,0,77.94
1,1,0,1,1,1,1,74.07
1,0,1,1,1,1,0,79.22
0,1,0,0,1,1,0,79.89
0,0,1,1,0,0,1,83.01
0,0,0,1,1,1,0,83.5
0,0,1,0,0,0,0,78.55
1,0,1,0,1,1,0,83.35
1,1,1,0,0,0,1,79.54
0,0,0,0,0,1,1,80.13
1,1,0,1,0,1,0,88.64
1,0,1,0,0,0,1,74.82
0,1,1,1,0,1,1,76.58
0,0,0,0,0,1,0,84.25
1,0,0,0,1,0,1,75.02
1,0,0,1,1,0,0,69.06
1,0,1,0,1,1,1,74.04
0,0,0,0,1,1,1,89.42
0,1,0,1,1,1,0,80.83
0,0,0,0,0,0,0,70.07
1,1,0,1,1,1,0,70.39
1,0,0,1,0,0,1,81.1
0,1,1,1,0,1,0,77.65
0,1,1,0,0,1,1,79.72
1,1,0,0,1,1,0,72.34
0,0,0,1,0,0,1,77.35
1,0,0,0,0,0,0,75.6
1,0,1,0,1,0,1,86.23
0,0,0,0,1,1,1,78.63
0,0,1,1,1,1,0,86.05
0,0,0,0,0,0,0,74.73
0,0,1,1,0,0,0,77.55
0,1,1,1,1,1,0,78.17
0,1,0,0,1,1,1,71.16
0,1,0,0,0,0,0,71.11
1,1,1,0,0,0,1,78.29
1,1,0,1,1,1,0,83.12
1,1,0,1,1,0,1,79.96
1,1,1,1,0,0,0,80.96
0,0,0,1,1,0,0,81.55
1,1,1,1,0,1,0,77.05
0,1,1,1,0,0,1,75.51
0,1,1,1,1,0,1,76.45
0,1,0,1,0,0,0,71.01
1,0,0,1,0,1,0,78.2
0,0,0,0,1,1,0,78.19
0,0,1,0,0,1,0,74.83
0,0,0,0,0,0,0,79.02
0,1,1,0,0,0,1,78.17
0,0,1,0,0,1,0,86.18
1,0,0,1,1,0,1,85.66
0,1,0,1,1,0,0,79.88
0,1,1,1,1,1,0,79.71
0,1,0,1,0,0,1,74.21
0,1,1,1,1,0,1,74.24
0,0,1,0,0,0,0,81.01
1,1,0,1,1,1,1,73.92
1,0,0,1,0,0,0,78.69
0,0,1,0,0,0,1,80.68
1,1,1,0,1,1,0,86.01
0,1,1,0,0,1,0,79.47
0,0,0,1,0,0,1,72.31
1,0,0,1,0,1,1,77.78
1,0,1,0,0,0,0,69.88
1,1,1,1,0,1,0,82.15
0,0,1,0,1,1,1,76.34
1,1,1,1,1,0,0,81.43
1,1,0,0,0,1,0,76.09
0,1,0,0,1,1,0,73.99
0,1,0,1,1,1,1,78.29
1,0,0,0,1,1,0,79.41
1,0,0,1,0,1,0,80.47
0,0,1,1,1,0,1,77.17
0,1,0,0,1,1,1,81.85
0,0,1,0,1,0,1,76.65
1,0,1,0,1,1,0,70.64
0,1,1,1,1,1,0,71.69
0,1,1,1,0,1,1,75.64
1,0,0,1,0,0,1,82.08
1,0,1,0,0,1,1,74.99
0,1,0,0,0,1,0,82.95
1,1,1,0,1,0,0,74.79
1,1,1,0,1,1,1,82.36
1,1,0,1,1,0,0,71.66
1,1,1,1,0,0,0,86.34
0,0,1,1,0,1,1,84.23
0,1,0,0,1,0,1,77.97
1,1,1,1,0,1,0,78.42
0,1,1,1,1,1,0,81.56
0,1,1,1,1,1,1,87.72
0,1,1,1,1,0,0,79.91
0,0,0,0,1,0,1,82.43
1,1,1,1,0,0,1,73.31
1,0,0,0,0,1,1,76.25
0,0,0,1,0,0,0,70.6
0,1,1,1,0,0,0,77.5
0,0,1,1,0,0,0,82.63
0,1,1,0,1,0,1,79.68
0,0,1,1,1,0,1,69.73
1,1,0,0,1,1,0,79.81
0,0,0,1,0,0,1,73.3
0,1,1,0,0,0,0,71.62
1,1,0,0,1,0,1,75.36
0,1,0,1,0,1,0,78.69
0,0,1,0,1,1,1,70.09
1,1,1,1,1,0,0,64.28
1,0,1,1,1,0,0,79.42
0,1,0,0,0,0,0,69.32
0,1,1,1,1,1,1,78.78
1,1,1,0,0,0,0,72.24
0,0,1,0,0,1,1,81.54
0,1,0,1,0,1,0,86.21
0,0,0,0,0,0,0,81.03
0,1,1,1,1,0,1,70.73
0,1,1,1,1,1,1,81.87
1,0,1,1,0,1,0,76.1
0,0,1,0,0,1,1,78.04
1,1,1,0,1,1,0,76.6
0,1,1,1,1,0,0,77.14
1,1,1,1,1,1,0,87.05
0,1,0,1,0,0,1,81.97
0,0,0,1,1,0,1,86.89
1,1,1,0,0,1,0,72.17
0,1,1,1,0,0,1,78.59
1,0,0,0,0,0,1,82.54
1,0,1,0,1,1,0,73.44
1,0,0,0,0,0,0,78.03
1,0,1,0,1,0,0,77.27
1,0,1,1,1,0,0,90.06
0,0,1,0,0,0,0,72.83
1,1,1,1,1,0,1,78.63
0,0,1,0,1,0,0,80.2
0,0,0,1,0,1,1,79.85
1,1,1,0,0,1,1,72.73
1,0,0,0,1,1,0,85.91
0,1,1,1,0,0,0,74.89
0,1,1,0,0,0,0,79.65
1,1,1,1,0,1,1,79.62
0,0,0,0,0,1,1,85.47
0,0,0,1,1,1,0,70.32
0,0,1,1,0,0,0,78.96
0,1,0,0,0,1,1,78.93
1,0,1,1,0,1,1,74.78
0,1,0,0,0,1,0,70.36
1,0,1,0,0,1,1,84.79
0,0,0,1,0,1,0,69.59
0,1,1,0,0,1,1,83.14
1,0,0,0,1,1,0,69.52
0,1,0,1,1,1,0,79.29
0,1,1,0,1,1,1,81.19
0,0,0,1,1,1,0,79.02
1,1,1,1,0,0,0,75.65
1,0,1,1,0,0,0,81.35
1,0,0,0,1,1,0,81.04
1,1,0,1,1,1,1,82.01
1,0,0,1,0,0,0,70.35
1,0,1,1,1,1,1,84.5
0,1,0,1,0,1,0,71.48
1,1,0,0,1,1,1,80.09
1,0,0,0,1,1,1,81.25
0,1,1,1,0,0,1,79.54
0,1,0,1,1,1,0,73.88
1,0,0,1,1,1,0,85.53
0,0,1,0,0,1,1,83.2
1,0,1,1,1,0,1,77.23
0,1,1,0,0,1,0,71.23
1,0,0,1,1,1,0,72.99
0,1,0,0,1,1,0,81.24
0,0,1,1,0,1,0,82.34
0,1,1,0,1,1,0,83.28
1,1,1,0,0,1,0,68.33
0,1,0,1,0,0,0,78.54
1,0,1,0,1,0,0,77.31
1,1,0,1,1,1,0,71.85
1,1,1,1,1,1,1,77.46
1,1,0,1,1,0,0,82.34
1,1,0,1,0,0,1,81.34
1,0,1,1,0,1,0,77.55
0,0,1,0,1,1,0,75.99
1,0,0,1,1,0,1,68.16
0,0,1,0,0,1,1,81.41
0,0,1,1,0,0,1,81.95
0,0,1,1,1,0,1,83.94
0,0,0,0,0,0,0,84.36
1,0,0,1,0,1,1,77.99
0,0,1,0,0,0,0,79.12
1,1,1,0,1,0,1,79.91
0,0,0,0,0,0,0,75.01
0,1,0,1,1,0,0,81.29
1,0,0,1,0,0,1,75.62
1,0,1,1,0,0,1,84.97
1,1,1,0,0,1,0,83.0
0,0,0,0,0,1,0,83.06
0,0,1,1,1,1,1,76.55
1,1,0,0,1,1,0,73.0
0,1,1,1,0,1,1,82.94
0,1,1,1,1,1,0,71.5
0,0,0,1,1,0,1,77.07
0,0,1,0,1,0,1,75.99
0,0,0,1,0,0,1,80.99
0,0,1,0,1,1,1,82.24
0,1,0,1,0,0,1,81.41
0,0,0,0,1,0,1,73.57
1,1,0,1,0,0,0,80.83
0,1,0,1,0,1,1,75.19
1,0,1,0,1,0,1,74.25
1,0,0,0,1,0,0,79.41
0,1,0,1,1,1,1,71.34
1,1,1,0,0,1,0,75.6
1,0,1,0,1,0,1,73.37
1,0,0,0,1,0,0,84.98
0,1,0,0,1,0,0,82.18
1,1,1,1,0,0,1,89.51
0,1,0,1,1,0,1,81.16
0,0,1,0,0,0,0,81.27
1,1,1,0,0,1,1,76.21
1,1,1,1,1,0,0,75.13
0,1,0,0,1,1,1,70.73
1,0,0,1,0,0,0,82.41
0,1,1,1,1,0,0,82.0
1,0,0,0,0,0,1,84.44
1,1,1,0,0,0,1,70.47
0,1,0,1,1,0,1,76.32
0,0,1,1,1,0,0,75.72
0,0,0,0,1,1,0,78.91
1,1,0,1,1,0,1,75.95
1,1,0,0,1,0,0,79.83
1,1,1,0,0,1,0,86.27
1,0,0,0,1,1,0,83.69
0,0,1,1,1,1,1,70.14
0,0,1,0,0,1,0,87.19
1,0,0,1,1,1,1,77.4
1,1,0,1,0,0,1,78.64
0,1,0,0,1,0,1,78.94
1,1,0,1,1,1,0,81.91
1,0,0,0,0,1,0,72.09
1,0,0,0,0,1,0,70.69
1,0,0,0,1,0,0,63.55
1,0,0,0,0,0,0,96.52
0,1,1,0,1,1,1,76.47
0,1,0,1,0,0,1,73.47
0,0,0,0,1,1,0,73.49
0,0,0,0,0,0,1,80.53
0,0,0,1,1,1,0,69.79
0,1,1,1,1,1,0,67.01
0,1,1,0,0,1,1,86.06
1,1,1,1,0,1,1,75.94
1,1,0,0,0,0,0,72.18
1,1,1,0,1,1,0,79.95
1,1,0,0,0,0,1,77.71
0,1,0,1,0,0,0,76.78
0,0,1,0,1,0,1,67.89
0,0,0,1,1,1,0,79.01
1,0,0,0,1,1,0,81.02
1,1,0,0,1,0,0,68.19
1,1,1,0,1,1,0,76.93
0,1,1,1,1,1,0,70.69
1,0,0,1,1,1,1,87.55
0,0,1,1,0,0,0,73.66
1,0,1,0,0,0,1,73.62
1,0,1,0,1,0,1,73.64
0,1,1,1,1,0,0,74.53
0,1,0,1,0,1,0,76.45
1,1,1,0,0,1,1,77.28
1,1,0,0,1,1,1,74.9
1,1,0,0,0,1,0,78.42
0,0,1,0,0,0,0,76.14
1,1,0,1,0,1,0,86.42
1,0,0,0,1,0,1,71.54
0,1,0,0,0,0,1,77.0
0,1,1,0,1,0,1,73.8
1,1,1,1,1,1,0,76.01
1,1,0,1,0,0,0,76.97
1,1,1,1,0,1,1,76.45
1,0,0,0,0,0,0,72.11
1,1,1,0,0,0,0,89.1
0,0,1,0,1,1,1,82.54
0,1,0,1,0,1,0,78.2
1,1,0,0,0,0,1,71.74
1,0,1,1,0,1,0,76.84
0,0,1,1,1,0,0,77.76
1,0,0,1,1,0,0,74.18
1,0,0,1,1,0,0,72.5
0,1,0,1,1,0,1,70.98
1,1,1,0,1,1,1,71.0
1,0,1,1,1,0,0,81.76
0,0,1,0,0,0,1,81.95
0,0,0,0,1,1,1,84.71
1,1,0,0,0,1,0,78.4
1,0,0,1,0,0,0,75.74
1,0,0,1,0,1,0,85.65
0,0,1,1,0,1,0,85.82
1,0,1,0,1,0,1,82.15
1,1,1,1,0,0,0,78.91
0,1,1,0,0,1,0,83.25
0,1,0,0,0,1,0,79.72
0,1,1,1,0,0,1,70.51
0,1,1,0,1,0,1,76.94
1,1,0,1,1,0,0,66.58
1,0,0,1,1,1,1,76.9
0,0,0,0,1,0,1,73.28
1,0,0,1,0,1,0,83.07
0,0,0,1,1,1,1,72.65
0,0,0,1,0,1,1,79.97
1,1,0,1,1,0,1,83.26
1,1,0,1,0,1,1,83.59
1,0,1,1,1,0,1,73.55
1,0,1,0,0,0,1,76.12
0,1,1,1,1,0,0,87.46
0,1,0,1,1,1,1,72.39
0,1,0,0,1,0,1,79.46
0,1,0,0,0,0,1,79.23
0,0,1,0,0,1,1,73.04
1,0,1,1,0,1,1,87.42
1,0,1,1,0,1,1,77.52
1,1,1,0,0,0,1,80.58
0,1,0,0,0,1,0,80.89
1,1,1,1,0,1,1,89.42
1,0,1,0,1,0,0,65.12
0,1,0,0,1,1,0,86.04
0,1,0,0,1,0,0,71.31
0,0,0,0,1,1,0,72.61
0,0,1,1,0,1,0,78.87
1,1,1,0,0,1,0,88.69
0,0,0,1,0,0,1,76.04
1,1,1,0,0,1,0,80.83
0,1,1,0,0,1,1,72.78
0,0,0,1,1,0,0,69.76
1,0,1,0,0,1,1,73.56
1,0,0,0,0,0,1,77.3
0,0,0,1,1,1,1,77.08
0,0,0,0,0,1,1,79.38
1,1,1,1,1,1,0,84.55
0,0,0,0,0,1,1,76.62
1,0,0,0,0,1,1,83.3
1,1,1,1,0,1,1,82.6
1,1,1,0,0,1,0,73.96
0,1,0,0,1,0,0,77.89
0,0,1,0,1,1,0,75.21
1,1,1,1,0,0,0,77.19
0,0,0,0,1,0,0,84.76
1,1,1,0,1,0,0,77.59
1,0,0,1,0,1,0,79.13
0,1,0,1,0,1,1,78.2
0,0,0,0,0,1,1,72.2
0,0,1,0,0,0,0,86.49
0,0,0,1,1,1,0,74.41
0,0,1,1,0,1,0,77.07
1,0,1,0,1,1,0,83.04
0,1,1,1,0,1,1,73.0
0,0,0,1,1,0,0,88.9
1,1,1,0,1,0,1,87.16
0,0,1,0,0,1,0,78.39
1,1,1,1,0,1,0,79.78
1,0,0,1,0,1,1,88.29
0,0,1,0,1,0,0,82.82
0,0,1,1,1,1,0,82.62
1,0,0,1,1,1,1,86.73
0,1,0,1,1,0,0,69.95
0,0,1,1,0,1,1,77.79
1,1,0,0,0,1,1,85.8
0,1,1,0,1,0,1,87.48
1,1,0,1,1,1,0,81.34
1,0,0,1,0,1,0,76.45
0,0,1,1,1,0,1,67.93
0,0,1,0,0,0,0,75.86
1,1,1,1,0,1,0,69.71
1,1,0,0,1,1,1,80.96
0,1,1,1,1,1,0,75.95
1,0,1,0,0,0,1,73.58
0,0,0,1,1,1,0,76.21
1,0,1,0,0,1,1,77.92
0,0,1,0,0,1,0,77.48
1,0,1,1,0,0,1,79.35
1,0,1,0,0,0,1,73.57
1,0,0,1,0,0,0,74.3
1,0,1,0,0,1,1,72.33
1,0,1,1,1,0,1,77.12
0,0,0,0,1,0,1,66.73
0,1,0,1,1,1,0,73.46
0,0,1,0,0,1,1,74.6
1,0,1,0,1,0,1,77.35
1,1,0,0,1,0,0,84.11
1,1,0,1,1,1,1,77.63
1,1,1,0,1,0,0,78.44
1,0,0,1,1,1,1,78.89
1,0,0,1,1,0,1,74.26
0,0,1,0,1,1,0,69.43
1,1,1,0,0,0,1,76.51
0,1,0,1,1,1,1,79.49
1,0,1,0,0,1,0,80.37
1,1,0,1,1,1,0,77.36
1,1,0,1,1,1,1,67.73
1,0,1,1,0,1,1,79.22
0,0,0,1,0,0,0,75.64
0,0,0,0,0,0,0,81.75
1,0,0,0,1,0,0,76.0
0,1,1,1,1,1,1,80.12
0,0,1,0,1,0,0,80.27
1,0,0,0,0,1,0,75.86
0,1,1,0,1,1,0,77.38
0,1,0,0,1,0,1,84.91
0,0,1,0,1,0,0,79.04
1,1,1,0,0,1,1,67.39
0,0,0,1,1,1,1,81.67
1,1,1,0,0,1,0,75.25
1,1,1,0,1,0,1,79.73
0,1,1,0,1,1,0,82.95
0,1,1,0,0,0,1,76.9
1,1,0,1,0,0,0,76.44
0,1,0,1,1,1,1,74.74
1,1,1,1,1,0,1,83.04
0,1,0,1,0,0,0,70.06
0,0,1,1,0,0,1,85.03
0,0,1,0,1,1,0,77.89
1,1,0,1,1,0,1,64.46
0,1,0,0,1,1,0,83.52
0,1,0,1,0,0,0,72.84
0,1,1,1,0,0,1,79.19
1,1,1,1,0,0,1,85.15
1,1,0,1,1,1,1,83.12
0,0,0,0,1,1,1,75.81
1,1,1,0,1,0,1,79.43
1,1,0,1,0,0,1,70.83
0,1,0,0,0,0,0,74.72
0,1,1,1,1,0,0,78.42
0,1,0,1,0,1,0,72.6
0,1,1,1,1,1,0,78.81
1,0,1,0,0,1,0,83.06
1,1,0,1,0,0,1,78.39
0,1,1,0,1,1,0,80.87
1,1,1,0,1,1,1,71.69
0,1,0,1,0,0,0,75.29
0,1,0,0,1,0,0,74.58
1,0,0,1,0,0,1,81.94
0,0,0,0,0,0,1,79.29
1,0,0,0,1,0,1,80.34
0,1,0,0,0,1,1,75.0
0,1,1,0,1,0,1,76.71
0,1,1,0,1,1,0,68.22
0,0,1,0,0,1,0,82.37
1,0,0,0,0,0,1,76.71
1,0,0,1,1,0,0,86.05
1,0,0,1,1,0,1,80.47
1,1,0,0,1,1,1,75.59
0,0,0,0,0,0,0,75.21
1,0,0,1,0,1,0,72.13
1,0,1,0,1,1,1,77.28
0,0,0,1,0,0,1,66.83
0,1,0,0,0,0,0,73.99
1,1,0,0,1,1,1,75.83
0,1,1,0,1,1,0,80.74
1,1,1,0,0,0,1,77.53
0,1,1,0,1,0,1,81.93
1,0,0,0,1,1,1,75.05
0,1,1,0,1,1,1,75.7
1,1,1,0,0,0,0,82.65
0,0,0,0,1,0,0,76.83
1,0,1,1,1,0,0,73.97
0,0,1,0,0,1,1,75.06
1,1,1,0,0,0,0,76.48
0,0,0,1,1,1,0,81.52
0,1,1,1,0,0,1,68.15
0,0,1,1,0,1,1,84.45
1,1,1,1,0,0,0,69.3
0,0,0,1,0,1,0,76.87
1,0,0,0,0,0,0,76.74
0,0,1,0,1,1,0,90.92
1,1,0,1,0,1,1,76.55
0,1,1,0,0,1,1,76.67
0,1,1,1,0,0,0,84.98
1,1,1,1,0,1,0,77.24
1,0,0,1,1,1,0,67.67
1,1,0,1,0,1,1,65.86
0,0,0,1,0,1,0,67.55
0,0,1,0,0,1,1,76.35
0,0,1,1,1,1,1,77.64
1,0,0,0,0,1,1,78.48
0,0,0,1,1,1,1,86.5
0,0,0,1,1,1,0,79.84
0,1,0,1,1,0,0,80.17
0,1,0,1,0,0,1,78.8
0,0,1,1,1,1,1,78.2
0,1,1,1,1,0,0,76.27
1,1,1,1,0,0,0,73.05
1,0,1,0,1,1,0,73.41
0,0,0,1,1,0,1,82.28
1,0,0,1,1,0,0,68.63
1,0,1,1,1,1,0,81.67
1,1,0,1,0,0,1,83.07
1,0,0,0,1,0,0,76.68
1,1,1,0,0,1,0,75.65
0,0,1,1,0,1,0,78.24
0,1,0,1,1,0,1,78.49
1,0,1,1,0,1,0,69.31
1,1,0,0,1,0,1,75.93
1,0,1,1,0,1,1,80.27
0,0,1,1,1,0,1,68.44
0,1,1,0,0,1,1,76.06
0,0,0,1,0,1,1,66.83
0,1,0,0,1,1,1,80.69
0,0,0,1,1,0,0,89.8
0,1,1,0,0,1,1,77.26
0,0,0,1,1,1,1,76.91
0,1,1,0,1,0,0,84.28
0,0,1,1,1,1,0,77.59
0,0,1,1,1,1,1,79.17
0,0,1,1,1,0,0,87.34
0,0,1,0,0,1,1,75.31
1,1,0,1,0,1,0,75.0
0,1,0,0,0,1,0,75.92
0,1,0,0,1,0,0,78.62
1,1,1,1,0,1,0,75.47
0,0,0,0,1,1,0,77.72
0,1,0,1,1,0,1,73.41
0,0,1,0,0,0,1,80.3
0,1,1,1,0,0,0,69.9
0,0,1,0,1,1,1,83.28
0,1,1,0,0,1,0,76.14
0,0,0,1,1,0,1,73.8
0,1,1,1,0,0,0,76.73
1,1,0,1,0,0,1,78.36
1,1,0,0,1,1,1,75.33
0,0,0,0,0,0,0,79.98
0,0,0,1,0,0,1,74.18
0,1,0,0,1,1,1,73.18
0,0,0,0,0,1,1,77.05
0,0,0,1,1,0,0,80.92
1,1,0,1,1,0,1,72.44
1,0,0,1,1,1,0,83.66
0,0,0,1,1,1,0,77.16
0,0,1,0,0,0,1,78.91
1,0,0,1,1,0,1,88.33
0,0,1,1,1,0,0,80.27
1,1,1,1,1,0,0,80.37
1,0,1,1,1,0,0,75.02
1,1,1,0,0,0,1,71.71
0,1,0,1,1,0,1,81.94
1,0,1,0,0,0,1,72.56
0,0,0,1,0,1,1,72.36
0,0,1,1,0,1,0,79.82
1,1,1,0,1,0,1,73.57
1,1,1,0,0,1,0,73.1
0,1,1,0,0,1,0,79.39
1,1,0,1,0,1,0,87.39
0,1,0,1,0,0,1,80.83
0,1,0,1,1,1,1,71.11
0,0,1,0,0,0,1,76.44
1,0,1,1,0,0,0,79.41
1,1,0,1,1,0,0,67.03
1,0,1,1,1,1,0,76.97
0,1,1,1,1,1,1,72.45
1,0,0,0,0,0,0,81.38
1,1,1,1,0,0,0,68.95
0,1,0,1,1,1,0,80.78
0,0,1,1,0,0,0,88.76
1,1,0,0,1,1,0,82.24
1,0,1,0,1,1,1,79.45
0,0,1,1,1,1,1,79.88
0,1,1,0,1,1,0,72.96
1,0,1,0,1,0,0,79.6
0,1,0,1,1,0,1,72.87
0,1,0,0,1,0,0,85.87
1,0,0,0,0,0,1,78.51
1,0,0,1,0,0,1,78.29
1,1,0,1,1,1,0,79.55
1,0,0,0,1,1,0,78.07
1,0,1,0,1,1,0,74.97
0,0,1,1,0,1,1,83.58
1,1,1,1,1,1,0,84.83
1,1,0,1,0,1,1,79.86
1,1,1,0,0,1,1,69.84
1,0,0,1,0,1,0,77.01
1,1,1,0,0,0,0,79.13
1,0,0,0,1,1,1,78.07
0,1,0,0,0,0,0,78.1
0,1,0,0,1,0,0,76.85
0,1,0,1,0,0,0,81.45
1,0,0,1,1,1,0,70.04
0,1,1,0,1,0,0,75.86
0,1,0,0,0,1,0,83.65
1,0,1,0,0,0,0,80.97
1,1,0,0,0,1,0,82.33
0,0,1,0,1,1,0,75.78
1,0,1,0,1,1,1,74.03
1,0,0,1,0,1,1,88.94
0,0,0,1,0,0,0,85.27
1,1,0,0,1,0,0,84.67
0,0,0,0,1,0,0,79.54
1,1,0,0,0,1,0,76.61
1,1,0,0,0,1,0,79.37
0,0,1,0,1,1,0,75.02
0,0,0,1,1,0,0,69.65
0,0,0,0,1,1,1,82.43
1,1,0,1,0,1,1,69.35
0,1,0,0,0,1,1,82.34
0,0,1,1,1,0,1,76.74
0,1,1,1,0,1,0,86.41
1,1,1,1,1,0,0,79.39
1,1,0,0,1,1,0,85.59
1,1,0,1,1,1,1,73.19
1,0,0,0,0,1,1,71.58
1,1,0,1,1,1,0,95.19
1,1,1,0,1,1,1,83.71
1,0,1,0,1,0,1,84.26
0,1,1,0,1,0,1,82.59
1,1,1,0,1,1,0,74.0
1,1,0,0,1,1,1,80.22
0,1,0,1,1,1,1,80.98
0,1,0,0,1,0,1,86.45
0,0,0,1,1,0,1,77.36
1,1,1,0,0,1,0,75.27
0,0,1,0,1,1,1,80.66
0,0,1,0,1,1,0,79.03
1,0,0,0,1,1,1,77.24
1,1,1,0,1,1,1,78.41
1,0,0,1,0,0,0,75.71
0,1,0,0,0,1,1,75.22
1,0,0,1,0,1,0,79.47
0,1,0,1,0,0,1,76.25
1,1,0,0,1,1,1,79.42
0,1,0,0,1,0,1,75.63
1,0,1,1,1,1,1,80.74
1,0,1,0,0,0,1,69.65
1,1,0,0,0,1,0,72.93
0,1,1,1,0,0,0,82.29
0,0,0,0,0,1,0,74.34
0,0,0,0,0,0,1,74.08
1,0,0,0,1,1,1,75.78
0,0,1,1,1,0,1,81.11
0,1,1,0,1,1,0,74.13
1,0,0,0,1,1,1,73.26
0,1,1,1,1,0,0,72.56
0,1,0,1,1,1,0,77.03
0,0,0,0,0,1,0,83.73
1,0,0,0,1,0,0,76.08
1,1,0,0,1,0,1,78.35
1,0,1,1,1,1,1,79.2
1,1,1,1,1,1,1,80.45
0,0,0,0,0,0,1,85.39
1,1,0,0,1,0,1,75.69
1,0,1,0,0,0,1,74.94
1,0,0,1,0,1,0,83.54
0,1,1,1,1,1,1,76.58
0,1,1,0,1,1,0,78.86
0,1,0,1,0,0,0,85.82
1,1,0,0,1,0,0,82.89
1,1,0,1,1,1,1,79.82
0,0,0,1,0,1,1,73.02
1,1,0,1,0,0,1,81.29
0,1,1,1,0,0,0,78.29
0,0,1,1,1,0,0,77.76
1,0,1,0,1,0,0,82.04
0,1,1,0,1,0,0,83.4
0,1,0,1,0,0,0,82.45
1,1,0,1,0,1,1,81.84
1,1,1,1,0,0,1,78.81
0,0,1,1,0,0,0,75.08
1,0,0,0,0,0,0,75.74
1,0,1,0,0,1,1,76.88
0,1,1,0,0,0,0,78.81
0,0,1,0,0,0,1,77.65
1,0,0,0,0,1,1,74.4
1,0,0,1,1,1,0,69.64
1,1,1,1,1,0,1,78.71
0,1,1,1,1,0,1,72.16
0,1,0,0,0,1,0,78.55
1,0,0,0,1,1,1,75.66
0,0,1,0,0,0,1,81.47
0,0,1,1,1,1,0,75.42
1,1,1,0,0,1,1,81.79
0,0,1,1,0,1,0,81.76
1,1,0,1,0,1,1,73.74
0,1,1,1,1,0,0,74.82
1,1,1,0,1,0,1,71.53
1,0,1,1,1,1,1,81.1
1,1,1,1,0,0,1,79.35
0,0,1,0,0,1,1,70.1
0,0,0,0,0,0,1,79.87
0,1,0,0,0,1,0,75.89
0,0,1,1,1,0,1,78.46
0,1,1,0,0,1,1,78.13
1,0,1,1,1,1,1,75.65
1,0,0,0,0,1,0,71.81
1,0,1,0,0,0,1,73.93
1,1,0,0,0,1,0,64.92
0,1,1,0,1,0,1,66.61
0,1,0,1,0,0,0,67.03
1,0,1,0,1,1,0,80.24
1,0,1,1,1,0,0,77.95
0,0,0,0,0,0,0,74.85
0,1,1,0,0,0,1,75.88
1,0,0,1,1,1,0,77.89
1,0,0,1,1,1,0,84.16
1,0,1,1,1,0,1,81.1
1,0,1,0,0,1,0,78.2
0,1,1,1,1,0,1,80.22
0,1,0,1,0,0,1,75.97
1,0,1,1,1,1,0,75.94
1,0,1,0,0,1,1,74.65
0,0,1,0,1,1,0,82.71
1,1,0,0,0,0,0,80.61
0,0,0,0,1,0,1,68.54
0,1,1,0,0,1,1,83.94
0,0,0,1,1,1,1,77.69
1,1,1,1,1,1,0,69.87
0,0,0,1,1,0,1,86.98
1,0,1,0,1,0,1,78.56
0,0,0,1,0,1,1,76.0
0,1,0,1,0,1,0,77.23
1,1,0,0,1,0,0,78.13
1,0,1,1,0,1,1,78.42
1,1,0,1,0,0,1,82.67
0,0,0,1,1,0,1,76.1
0,0,1,0,1,0,0,81.01
1,0,1,1,0,0,0,71.64
1,0,0,1,1,0,0,75.33
1,0,1,0,0,0,0,74.18
0,1,0,0,0,0,0,88.45
0,1,0,1,1,1,0,70.67
0,0,1,0,1,1,1,79.21
1,0,0,1,0,0,1,73.69
0,0,0,1,0,0,0,80.29
0,0,1,1,1,0,0,81.34
0,0,0,0,1,0,1,71.71
0,1,1,0,1,0,0,78.79
1,0,1,1,1,0,1,71.81
1,1,0,0,0,1,0,76.85
0,1,0,0,1,1,0,78.98
0,1,1,0,1,1,1,70.96
0,0,0,0,0,0,1,77.54
0,0,1,0,1,0,0,77.64
1,0,1,1,1,1,0,79.05
0,1,1,0,1,0,1,76.69
1,0,1,0,0,1,0,68.74
1,1,0,1,1,1,1,75.01
0,1,1,0,0,0,0,88.17
1,1,0,1,0,0,1,68.57
0,0,0,1,0,1,1,77.48
1,0,0,0,1,0,1,76.38
1,1,0,1,1,1,0,75.58
1,0,1,0,1,0,1,86.5
0,1,0,0,1,0,0,69.4
0,1,1,1,0,1,0,70.97
0,0,0,0,0,1,0,75.02
0,0,1,0,0,0,1,73.92
0,1,0,1,0,0,1,79.38
1,1,0,0,1,0,0,80.38
1,1,0,0,0,0,0,65.83
0,0,1,1,0,1,1,87.3
0,0,1,1,1,0,1,81.51
0,0,0,0,0,1,0,72.81
1,1,1,0,0,1,0,81.28
1,1,1,0,1,0,1,71.2
1,0,1,1,0,1,0,81.3
0,0,0,0,1,1,1,74.05
1,1,1,0,0,1,1,72.0
1,0,1,0,0,0,1,83.09
1,1,0,0,1,0,0,75.32
0,1,1,1,0,0,1,74.32
1,0,0,0,0,1,1,79.98
0,1,0,0,1,0,1,83.0
0,0,0,1,0,1,0,75.61
1,0,1,0,1,0,1,68.57
1,1,0,1,1,0,1,81.08
1,1,1,1,1,0,1,72.91
0,0,1,1,1,1,1,77.31
1,1,1,0,0,0,1,82.26
0,0,0,1,1,1,0,79.82
1,1,1,0,0,0,0,78.48
1,0,0,1,0,0,0,74.26
1,0,1,1,0,1,1,79.01
1,0,0,0,1,1,1,68.97
0,1,1,0,0,1,0,76.09
1,0,0,1,0,1,0,79.29
1,0,1,1,0,0,1,69.1
1,1,1,1,1,1,1,74.37
1,1,0,1,0,1,1,82.5
1,0,1,1,1,0,0,77.58
0,0,1,0,1,0,0,74.3
0,1,1,0,0,1,0,81.76
0,1,1,1,1,1,0,75.29
1,0,0,1,0,0,0,78.35
1,0,1,1,0,1,1,73.92
0,0,1,1,1,1,0,84.76
1,0,0,0,1,0,0,77.62
0,1,0,1,1,1,0,83.88
1,0,1,1,1,0,0,74.02
0,0,1,0,1,0,1,78.36
0,1,1,1,1,0,0,76.14
1,0,0,1,0,0,1,78.94
1,1,0,1,1,0,1,77.62
1,0,1,1,1,1,1,77.15
1,0,0,1,1,0,1,85.09
1,0,1,0,1,1,0,74.63
1,0,1,1,0,0,0,86.64
1,0,1,1,0,1,0,74.13
1,1,0,1,1,1,1,77.1
1,0,1,1,1,0,0,82.21
1,1,1,1,0,1,0,74.65
1,1,1,1,0,0,1,82.28
1,0,0,1,0,0,1,66.48
0,0,1,0,0,1,0,73.86
1,0,1,0,1,0,1,83.35
1,0,1,1,1,0,0,76.59
1,1,0,0,1,0,0,84.09
1,1,0,0,1,0,0,74.07
1,1,1,1,0,1,1,73.61
1,1,0,1,1,1,1,81.58
0,0,0,0,1,1,1,87.14
1,1,0,0,0,1,0,78.01
1,1,0,1,1,0,1,76.79
1,1,1,1,0,1,0,84.84
1,1,1,1,1,1,0,82.75
0,1,0,1,0,0,1,79.56
1,1,0,0,1,0,1,77.53
1,1,1,1,1,0,1,73.42
1,1,0,1,0,0,0,81.5
0,1,1,1,0,0,1,69.43
0,0,1,1,0,1,1,78.36
1,1,0,1,0,1,1,79.36
0,0,1,1,0,0,1,78.43
0,0,1,1,1,1,1,78.99
0,0,1,0,1,1,1,82.63
0,0,0,0,0,1,0,71.25
0,0,1,0,1,0,1,73.44
0,1,0,1,0,0,1,70.39
0,0,1,0,0,1,0,84.79
1,1,1,1,0,0,1,82.15
0,0,0,1,0,1,1,78.44
1,0,0,0,1,1,1,82.72
0,0,0,0,0,1,1,76.74
1,1,0,1,0,0,0,76.37
0,0,1,1,1,1,0,76.94
1,0,1,1,1,1,1,70.31
1,1,1,1,0,1,1,75.72
0,0,0,1,0,0,1,76.07
1,0,0,1,1,1,1,74.62
1,0,0,0,0,0,0,83.22
0,0,1,1,1,1,0,77.35
1,1,1,1,1,0,0,72.6
1,0,0,1,0,0,0,83.46
1,0,1,0,0,0,0,87.7
1,1,0,1,0,1,1,86.51
1,1,0,0,1,1,0,86.11
1,1,1,0,0,0,1,73.89
0,0,0,0,0,0,1,92.74
0,0,1,0,0,0,0,78.27
0,0,1,0,1,0,0,81.98
0,0,0,1,0,0,1,77.85
1,0,1,1,0,1,1,82.45
1,1,0,0,0,1,0,84.38
1,0,0,0,0,0,0,82.4
1,1,1,0,1,1,0,81.69
0,1,1,0,1,1,1,80.0
1,0,1,0,0,0,1,86.96
1,1,0,1,0,1,0,76.77
0,0,1,1,1,0,0,74.82
0,1,0,0,0,1,1,75.5
0,0,0,1,0,1,0,64.01
1,1,1,0,1,1,1,81.31
0,1,0,0,1,0,0,88.61
1,0,0,0,1,0,0,83.81
1,0,0,0,1,1,0,71.41
1,1,0,0,0,0,1,77.71
1,0,1,1,0,1,1,80.2
0,1,1,1,0,0,0,76.6
0,0,1,0,0,1,0,77.3
0,0,0,1,0,1,0,85.02
1,0,0,1,0,0,0,80.84
1,0,1,0,1,0,0,82.45
0,0,0,0,0,0,1,75.3
1,1,1,1,1,0,1,79.16
0,1,0,1,0,0,1,85.51
0,0,0,0,0,1,0,85.27
1,0,1,0,1,0,0,72.06
1,1,0,0,0,0,0,84.73
1,1,0,1,0,1,1,79.82
0,1,1,0,1,1,1,73.18
0,0,1,1,1,1,1,84.94
1,1,0,0,1,0,1,76.3
0,0,1,0,0,0,1,78.9
0,1,1,1,1,1,1,90.05
1,0,1,0,1,1,1,80.97
0,1,1,0,1,0,0,81.69
0,1,1,0,0,1,0,85.46
1,0,0,0,1,1,1,73.19
0,1,0,1,0,1,0,80.82
1,0,1,0,0,1,1,73.86
0,1,0,0,1,1,0,77.19
1,0,1,0,1,1,1,78.17
0,0,0,1,0,1,0,81.45
0,0,0,0,0,0,0,84.95
0,1,1,0,0,1,0,78.46
1,1,1,1,1,0,0,84.98
1,0,0,0,0,1,1,70.29
0,1,0,0,0,0,1,86.17
0,1,1,1,1,1,0,86.33
1,1,0,1,1,0,0,76.5
0,0,1,0,1,0,1,76.54
1,1,0,1,0,1,1,76.96
1,1,0,1,0,1,0,77.54
1,0,1,1,0,1,0,73.75
0,1,1,0,1,1,1,74.59
0,1,0,1,1,0,0,76.86
0,1,0,0,1,1,0,67.38
0,0,1,1,1,0,0,72.03
0,1,0,0,0,0,1,77.62
1,0,0,0,0,1,1,73.92
1,1,0,1,1,0,0,76.83
1,0,0,1,0,0,0,93.37
0,0,0,0,0,1,1,71.04
0,1,1,0,1,1,0,85.33
1,1,0,1,1,0,1,75.57
1,0,0,0,1,1,1,75.03
0,0,1,1,1,0,1,73.33
0,1,1,0,1,1,0,77.46
1,0,1,1,1,1,1,76.71
0,0,1,1,1,0,0,81.02
0,1,0,0,0,1,1,80.27
0,0,1,0,0,1,0,73.48
1,0,1,1,1,0,0,83.93
1,0,0,1,1,0,1,77.92
1,0,0,0,0,1,0,72.22
1,0,0,1,1,0,1,79.72
1,0,0,0,0,1,0,73.27
1,0,0,0,1,1,0,79.64
1,0,1,0,1,1,0,81.47
1,0,0,1,0,0,1,74.02
0,1,0,0,0,1,0,83.99
0,0,1,0,0,0,0,82.71
1,1,1,0,0,1,1,85.13
0,1,1,1,1,1,1,82.76
0,1,0,1,0,0,1,75.65
0,0,0,0,0,0,0,77.95
0,1,0,0,0,1,0,81.54
1,0,0,0,0,1,0,79.31
1,1,0,0,0,1,1,85.52
1,0,0,1,1,1,0,74.51
0,1,0,0,1,1,1,73.61
1,1,1,1,0,1,0,83.92
1,0,1,1,1,1,0,82.63
1,1,1,1,0,1,0,78.11
0,0,1,1,1,1,1,77.66
1,1,0,1,0,0,0,77.09
0,1,0,1,0,1,0,72.93
1,0,0,0,1,0,0,88.06
1,0,1,0,1,1,0,79.17
0,0,0,1,0,1,0,74.18
1,0,0,0,0,0,1,74.86
1,1,1,1,1,1,1,80.39
0,0,0,1,0,1,0,78.73
1,1,0,0,0,1,1,76.61
1,1,1,0,1,1,1,82.08
0,1,0,0,0,1,1,75.37
1,1,0,0,1,0,0,78.45
0,1,0,1,0,1,0,78.82
0,0,1,0,0,0,1,75.28
1,0,1,0,1,0,1,84.41
0,1,0,1,0,0,1,75.3
0,1,1,1,1,1,0,76.43
0,1,0,0,0,1,0,73.66
1,0,0,0,0,1,0,77.52
0,0,0,1,1,1,1,85.9
0,0,0,1,0,0,1,76.14
0,0,1,0,1,0,0,80.95
0,0,1,1,0,0,0,75.0
0,1,0,1,1,0,0,76.4
1,1,0,1,0,1,1,82.26
0,0,1,0,1,1,0,65.66
1,0,0,1,1,1,1,65.84
1,1,1,0,1,1,0,74.1
1,1,0,1,1,0,0,80.01
1,1,0,1,0,1,0,84.03
1,1,1,1,1,0,1,81.65
0,0,1,0,1,0,1,75.27
1,1,1,0,0,1,0,73.94
0,0,0,1,1,0,1,80.82
0,1,1,1,0,0,0,75.52
1,0,1,1,1,1,1,82.48
1,1,1,0,0,1,1,74.96
1,1,1,0,1,1,1,74.42
0,0,1,0,0,0,1,83.15
1,1,1,0,1,1,0,75.54
1,1,1,0,0,0,1,83.32
1,1,0,1,0,0,1,74.67
0,0,0,1,1,0,1,81.69
0,1,0,1,0,1,1,73.95
0,0,0,0,1,0,0,78.41
0,1,0,1,1,1,0,74.6
0,1,0,0,0,1,1,80.09
0,1,0,0,0,0,1,80.68
0,1,0,1,1,1,1,83.23
1,1,0,0,0,1,0,76.36
0,1,1,0,0,1,0,81.68
1,1,0,0,1,0,1,78.75
1,0,0,0,0,1,1,75.55
1,1,0,0,0,1,0,81.76
0,0,0,0,0,0,1,68.82
1,1,1,1,0,1,0,73.57
1,0,1,1,0,0,0,84.14
1,0,1,0,0,0,1,75.67
1,1,0,1,1,0,0,70.13
1,0,1,1,0,1,0,81.51
0,1,0,1,1,0,0,76.19
1,1,1,1,0,1,0,71.53
0,1,0,1,1,0,1,80.89
0,0,0,1,1,1,0,76.73
1,0,0,1,0,0,1,83.52
1,1,1,0,1,0,0,85.31
0,1,1,1,0,0,1,82.9
1,0,0,0,1,0,0,78.97
1,1,0,0,0,0,0,82.82
1,1,1,0,1,0,1,79.49
0,0,0,1,1,1,0,83.71
1,1,0,0,0,0,1,87.85
1,1,0,1,1,0,1,75.82
0,0,0,0,1,1,1,76.68
0,0,1,0,1,0,0,84.98
1,1,0,1,0,1,1,82.91
1,1,1,0,1,0,0,76.94
0,1,1,1,0,0,1,69.16
0,1,0,0,1,1,0,79.67
1,0,0,1,0,0,1,75.12
0,0,1,0,1,1,0,70.36
1,0,0,1,0,0,0,74.66
1,0,1,1,1,1,0,79.41
0,1,0,0,1,0,1,76.38
0,0,1,1,0,1,1,73.53
0,1,1,1,0,1,0,83.47
1,1,1,0,1,1,1,70.24
1,1,0,0,1,1,0,82.23
1,0,1,1,1,0,0,72.15
0,0,0,1,0,1,1,75.5
1,1,0,0,0,0,0,75.28
1,0,0,0,0,0,0,70.72
1,0,0,1,1,0,1,78.7
0,1,0,0,0,1,1,75.97
1,1,0,0,1,0,1,86.26
1,0,0,0,1,0,1,83.55
0,0,1,1,1,1,0,70.63
1,1,1,1,0,0,0,82.53
1,0,0,0,1,0,0,80.44
0,0,0,1,1,1,0,84.17
0,0,0,1,1,0,1,80.63
1,0,0,0,0,0,1,75.65
1,0,1,0,0,0,1,68.98
0,1,0,0,0,1,0,81.0
1,1,1,1,1,0,0,86.36
0,0,1,1,1,0,0,83.25
1,0,1,1,0,1,0,78.05
0,1,0,1,1,1,1,83.36
0,0,0,0,0,0,1,74.31
0,1,1,1,1,1,1,74.8
1,0,1,0,1,0,1,73.21
0,0,1,0,0,1,1,72.65
1,1,1,0,1,0,0,74.53
1,0,1,0,1,1,0,79.44
1,0,0,0,0,0,0,78.64
0,1,0,1,0,0,0,78.6
1,1,0,0,0,1,0,80.35
1,1,0,1,1,1,1,73.1
1,1,0,0,1,1,1,77.52
0,0,1,1,0,1,1,76.96
1,0,1,0,0,1,1,78.88
0,0,0,1,1,0,1,75.12
0,1,0,0,0,0,0,73.51
1,1,1,0,0,0,1,80.53
1,1,0,1,1,1,0,66.45
1,0,1,0,0,0,1,81.81
1,0,1,0,0,1,0,76.7
1,0,1,1,0,0,0,65.77
1,0,0,1,1,1,1,74.75
0,0,0,0,0,0,1,82.07
0,0,0,0,1,1,0,85.22
1,0,1,1,1,1,1,80.06
1,1,0,1,0,0,0,85.17
1,1,0,1,0,1,0,79.35
1,0,1,1,1,0,0,76.73
1,0,1,1,0,0,0,80.97
0,0,1,0,0,0,1,80.0
1,0,0,0,1,0,0,75.78
0,0,1,0,1,1,1,76.88
0,0,0,0,0,1,1,76.35
0,1,1,1,1,0,0,72.33
0,1,1,0,1,0,1,73.81
0,1,0,1,0,1,0,73.17
1,1,1,0,1,1,0,74.45
1,1,1,1,1,0,0,76.92
0,1,0,1,1,1,1,80.37
1,0,0,0,0,0,1,74.71
0,0,0,1,0,0,0,89.22
0,1,0,0,0,1,0,81.57
0,1,0,1,1,0,0,81.21
0,1,1,0,0,1,0,80.57
0,0,0,0,0,1,1,70.79
1,1,0,0,0,0,1,72.08
1,1,0,0,0,1,0,81.03
0,1,1,1,1,1,0,67.87
0,1,1,0,0,1,1,77.9
1,1,0,1,0,0,1,79.21
1,1,1,1,0,0,0,79.25
1,1,0,0,0,1,1,74.87
0,0,1,0,1,1,0,77.06
0,1,0,0,0,0,0,85.43
0,0,0,0,1,0,1,91.89
0,0,0,1,0,1,1,77.75
1,1,1,0,0,1,0,78.79
0,0,0,1,0,1,0,85.78
1,0,1,1,0,1,0,77.68
0,1,0,1,1,0,1,78.99
0,0,1,1,0,1,0,81.12
0,0,1,0,0,0,1,65.87
1,0,1,1,1,1,0,86.18
1,1,1,0,1,0,0,75.87
0,1,1,0,1,0,1,74.91
0,1,0,0,0,1,1,76.69
1,1,0,1,1,0,0,81.36
0,0,0,1,0,1,0,74.13
1,0,1,1,1,1,1,83.05
1,1,0,0,1,0,0,77.91
0,1,0,1,1,1,0,83.53
1,1,1,0,1,1,0,68.42
0,0,1,1,1,1,0,70.28
0,1,1,1,0,0,0,72.12
0,1,0,1,1,0,0,83.2
1,0,1,0,0,1,0,67.52
0,1,0,1,0,1,0,81.99
1,1,1,1,0,1,0,71.85
1,1,1,1,1,0,0,75.46
1,0,0,0,1,0,0,78.48
0,1,0,1,1,0,1,78.42
0,1,1,1,0,0,1,74.1
1,0,0,1,1,1,1,75.83
0,0,1,0,1,1,1,72.92
1,0,0,1,0,1,1,77.17
0,1,1,1,0,1,1,80.43
1,0,1,0,0,0,0,77.81
0,1,1,1,0,1,1,81.22
1,1,0,0,1,1,1,83.4
1,0,1,1,1,1,0,72.03
0,0,1,0,1,0,0,87.04
0,0,1,0,1,1,1,85.88
0,0,0,1,1,0,0,71.21
1,1,1,0,0,0,0,78.96
0,1,1,1,0,1,0,72.35
0,0,0,1,1,0,0,81.96
0,1,1,0,0,0,1,81.19
1,0,1,0,0,0,0,79.83
1,1,1,0,0,0,0,76.98
0,0,0,0,1,0,0,77.22
1,0,0,0,1,1,0,85.22
0,0,0,1,0,1,1,74.52
0,0,0,1,1,1,0,78.76
1,0,0,1,0,0,0,85.0
0,1,0,1,1,0,1,78.46
0,0,0,1,0,0,1,84.65
1,1,1,0,1,1,1,79.59
1,1,1,1,0,1,0,77.14
1,0,0,1,1,1,0,83.58
0,1,1,1,1,0,0,78.72
0,1,0,1,1,1,1,67.69
1,1,0,1,1,0,1,70.96
0,0,0,0,1,0,1,75.94
0,1,1,0,1,0,0,77.79
0,0,0,0,0,0,1,80.99
0,0,1,1,0,1,0,79.05
1,1,1,0,0,0,1,81.68
0,1,1,0,0,0,0,80.46
1,0,0,1,1,0,1,73.43
0,1,0,0,0,0,1,76.21
1,0,0,1,0,1,1,74.1
1,1,1,0,0,0,1,75.43
0,1,0,0,1,1,0,83.5
1,1,1,1,1,0,0,84.77
1,1,1,1,1,1,1,71.5
1,0,0,0,1,0,1,78.09
1,0,0,1,0,0,0,78.64
0,1,0,1,1,0,0,71.31
1,0,1,0,0,1,0,71.47
1,1,0,1,0,0,1,84.2
1,1,0,1,1,1,1,76.14
0,0,1,1,0,1,0,81.59
1,1,0,1,0,0,0,69.1
0,0,1,1,0,0,0,76.86
0,1,0,1,0,0,1,81.57
1,0,0,1,0,1,0,77.72
0,0,1,0,0,0,1,76.82
0,1,0,1,1,0,1,76.69
1,1,1,1,0,1,1,75.32
0,1,1,1,1,1,0,70.33
1,1,0,0,1,1,0,81.36
1,0,0,1,1,0,0,76.71
0,1,1,1,1,1,0,67.63
0,1,0,1,1,1,0,72.67
0,0,1,0,1,0,0,81.68
0,1,0,0,1,0,1,79.27
1,1,1,1,1,1,0,78.52
1,1,0,1,0,0,0,91.07
1,0,1,1,1,0,0,79.02
0,0,1,0,1,1,1,72.88
0,1,1,0,0,0,1,90.52
0,0,1,0,0,1,1,72.67
0,0,0,1,1,1,1,75.24
0,0,1,1,1,1,0,72.88
0,0,0,1,1,1,1,69.31
0,1,0,1,1,0,1,70.94
1,1,1,1,0,1,1,79.68
1,1,0,1,0,0,0,75.42
0,0,1,1,0,1,1,70.33
1,1,0,0,1,0,0,75.74
0,1,1,0,1,1,0,84.9
0,1,0,1,0,0,0,78.36
0,0,0,0,1,1,0,73.62
0,1,0,0,1,1,1,86.64
0,1,1,0,1,0,1,86.39
1,0,1,0,0,0,1,87.68
0,0,0,1,1,1,1,73.56
0,1,0,1,0,0,1,74.86
0,0,1,1,0,1,1,84.12
1,1,1,0,0,0,0,69.64
0,0,0,0,1,0,1,83.47
0,1,1,0,1,1,0,71.55
1,1,0,0,1,1,1,80.64
0,1,1,1,0,0,0,74.75
1,0,1,1,1,1,0,83.99
1,1,0,1,0,0,1,78.68
1,0,0,0,0,0,0,80.52
0,0,1,0,1,0,1,76.78
0,0,1,0,1,0,1,78.57
1,0,1,1,0,0,0,79.56
1,0,1,1,1,1,0,80.34
1,0,0,0,1,1,1,77.95
0,1,1,0,1,0,0,78.3
0,0,1,0,0,1,0,67.93
1,1,1,0,0,0,0,75.59
1,0,0,0,0,0,0,80.72
0,0,1,1,0,1,1,80.22
0,0,1,0,0,0,1,75.05
0,0,1,1,0,0,1,76.7
0,0,1,0,0,1,1,79.97
1,0,0,1,1,0,1,72.49
0,0,0,1,1,0,0,73.39
1,1,1,1,0,1,0,73.33
1,0,0,1,1,1,1,75.93
1,0,0,1,1,1,0,73.52
1,1,1,0,1,1,0,85.37
0,1,1,0,1,0,1,70.25
1,0,1,0,1,1,0,74.94
0,0,0,1,0,1,1,78.99
0,0,1,1,1,1,1,79.56
0,0,1,0,1,1,0,75.19
0,0,0,0,0,1,0,76.45
0,0,0,0,0,1,1,85.18
0,1,0,1,1,1,0,84.88
0,0,1,1,0,0,1,77.99
0,1,1,0,0,1,1,83.44
1,0,1,0,1,0,0,62.59
1,0,1,1,0,0,1,73.65
0,0,0,1,0,0,0,72.93
0,1,1,0,1,1,1,79.79
1,1,0,0,1,0,0,77.89
1,1,0,1,1,1,1,72.56
0,1,1,1,0,0,0,72.18
0,1,0,1,0,0,1,81.27
1,1,0,0,1,0,0,78.67
0,1,0,1,0,1,1,83.99
0,1,0,0,0,0,1,77.57
0,1,1,0,1,0,0,71.67
1,1,0,0,0,1,0,83.8
1,0,1,1,1,0,0,70.47
1,1,0,1,0,1,1,79.81
1,1,0,0,0,1,0,74.39
0,1,0,1,1,1,0,83.1
1,1,0,0,0,0,1,78.74
1,0,1,1,1,0,0,72.69
1,1,0,0,1,0,0,74.78
0,0,0,0,0,0,0,78.42
1,0,0,1,0,1,0,83.2
1,0,1,0,1,0,1,78.47
1,0,0,0,0,0,0,82.68
1,1,0,1,1,1,0,84.86
1,0,1,0,0,1,1,74.97
0,0,1,0,0,1,0,82.32
1,1,1,0,1,1,1,77.73
1,1,1,0,1,0,1,74.11
0,1,1,0,1,1,0,75.66
1,0,0,1,0,1,0,80.19
1,0,1,1,0,0,1,60.81
0,1,0,0,1,1,1,82.33
0,0,0,1,1,0,1,69.77
1,1,1,1,1,0,0,84.21
0,1,1,1,1,0,0,81.41
1,1,1,1,1,0,0,81.97
0,1,0,0,1,0,0,71.01
1,1,0,1,0,1,1,84.09
0,0,1,1,0,0,0,84.2
0,0,0,0,1,0,0,69.59
0,0,0,1,0,1,0,81.82
0,0,0,1,0,0,1,81.8
1,1,1,0,0,0,0,80.24
0,1,1,1,1,0,1,88.21
1,1,0,1,0,1,0,74.12
